CKT_KEY,NODE_ID,BASE_VOLTAGE,PGEN,QGEN,PGEN_A,PGEN_B,PGEN_C,QGEN_A,QGEN_B,QGEN_C,PCAP,QCAP,PLOAD,QLOAD,PLOAD_A,PLOAD_B,PLOAD_C,QLOAD_A,QLOAD_B,QLOAD_C,VA,VA_ANGLE,VB,VB_ANGLE,VC,VC_ANGLE,IA,IA_ANGLE,IB,IB_ANGLE,IC,IC_ANGLE
CKT_114_16955,-8888882184714,16.0,0.0,0.0,0.0,0.0,0.0,0.0,0.0,0.0,0.0,0.0,0.0,0.0,0.0,0.0,0.0,0.0,0.0,0.0,1.03,0.0,1.03,-120.0,1.03,120.0,0.0,-0.0,0.0,180.0,0.0,0.0
CKT_114_16955,55295306,16.0,0.0,0.0,0.0,0.0,0.0,0.0,0.0,0.0,0.0,0.0,0.0,0.0,0.0,0.0,0.0,0.0,0.0,0.0,1.030051,-0.0028717,1.0300417,-120.0029623,1.0300485,119.9973163,0.0,-0.0,0.0,180.0,0.0,0.0
CKT_114_16955,55295298,16.0,0.0,0.0,0.0,0.0,0.0,0.0,0.0,0.0,0.0,0.0,0.0,0.0,0.0,0.0,0.0,0.0,0.0,0.0,1.030051,-0.0028733,1.0300418,-120.0029639,1.0300486,119.9973148,0.0,-0.0,0.0,180.0,0.0,0.0
CKT_114_16955,60681169,16.0,0.0,0.0,0.0,0.0,0.0,0.0,0.0,0.0,0.0,0.0,0.0,0.0,0.0,0.0,0.0,0.0,0.0,0.0,1.030051,-0.0028733,1.0300418,-120.0029639,1.0300486,119.9973148,0.0,-0.0,0.0,180.0,0.0,0.0
CKT_114_16955,55295605,16.0,0.0,0.0,0.0,0.0,0.0,0.0,0.0,0.0,0.0,0.0,0.0,0.0,0.0,0.0,0.0,0.0,0.0,0.0,1.0304486,-0.014009,1.0303932,-120.0143022,1.0304496,119.9874342,0.0,-0.0,0.0,180.0,0.0,0.0
CKT_114_16955,55345873,16.0,0.0,0.0,0.0,0.0,0.0,0.0,0.0,0.0,0.0,0.0,0.0,0.0,0.0,0.0,0.0,0.0,0.0,0.0,1.0304472,-0.0139864,1.0303918,-120.0142796,1.0304481,119.9874568,0.0,-0.0,0.0,180.0,0.0,0.0
CKT_114_16955,55295743,16.0,0.0,0.0,0.0,0.0,0.0,0.0,0.0,0.0,0.0,0.0,0.0,0.0,0.0,0.0,0.0,0.0,0.0,0.0,1.0304487,-0.0140146,1.0303932,-120.0143073,1.0304496,119.9874289,0.0,-0.0,0.0,180.0,0.0,0.0
CKT_114_16955,246248050,16.0,0.0,0.0,0.0,0.0,0.0,0.0,0.0,0.0,0.0,0.0,0.0,0.0,0.0,0.0,0.0,0.0,0.0,0.0,1.0304373,-0.0141809,1.0303824,-120.013894,1.0304475,119.9875225,0.0,-0.0,0.0,180.0,0.0,0.0
CKT_114_16955,55295452,16.0,0.0,0.0,0.0,0.0,0.0,0.0,0.0,0.0,0.0,0.0,0.0,0.0,0.0,0.0,0.0,0.0,0.0,0.0,1.0300511,-0.0028828,1.0300418,-120.0029733,1.0300487,119.9973059,0.0,-0.0,0.0,180.0,0.0,0.0
CKT_114_16955,55347359,16.0,0.0,0.0,0.0,0.0,0.0,0.0,0.0,0.0,0.0,0.0,0.0,0.0,0.0,0.0,0.0,0.0,0.0,0.0,1.0300513,-0.0029011,1.030042,-120.0029916,1.0300489,119.9972887,0.0,-0.0,0.0,180.0,0.0,0.0
CKT_114_16955,55345380,16.0,0.0,0.0,0.0,0.0,0.0,0.0,0.0,0.0,0.0,0.0,0.0,0.0,0.0,0.0,0.0,0.0,0.0,0.0,1.0300513,-0.0029011,1.0300415,-120.0030231,1.0300481,119.9972991,0.0,-0.0,0.0,180.0,0.0,0.0
CKT_114_16955,55346817,16.0,0.0,0.0,0.0,0.0,0.0,0.0,0.0,0.0,0.0,0.0,0.0,0.0,0.0,0.0,0.0,0.0,0.0,0.0,1.0300516,-0.0029241,1.0300422,-120.0030133,1.0300491,119.9972667,0.0,-0.0,0.0,180.0,0.0,0.0
CKT_114_16955,55295574,16.0,0.0,0.0,0.0,0.0,0.0,0.0,0.0,0.0,0.0,0.0,0.0,0.0,0.0,0.0,0.0,0.0,0.0,0.0,1.0300513,-0.0029011,1.0300413,-120.0030315,1.0300479,119.9973018,0.0,-0.0,0.0,180.0,0.0,0.0
CKT_114_16955,55295549,16.0,0.0,0.0,0.0,0.0,0.0,0.0,0.0,0.0,0.0,0.0,0.0,0.0,0.0,0.0,0.0,0.0,0.0,0.0,0.029087,179.811352,1.0300381,-120.0031864,1.0300439,119.9973804,0.0,180.0,0.0,180.0,0.0,0.0
CKT_114_16955,55346818,16.0,0.0,0.0,0.0,0.0,0.0,0.0,0.0,0.0,0.0,0.0,0.0,0.0,0.0,0.0,0.0,0.0,0.0,0.0,1.0300516,-0.0029257,1.0300422,-120.0030148,1.0300492,119.9972652,0.0,-0.0,0.0,180.0,0.0,0.0
CKT_114_16955,55347869,16.0,0.0,0.0,0.0,0.0,0.0,0.0,0.0,0.0,0.0,0.0,0.0,0.0,0.0,0.0,0.0,0.0,0.0,0.0,1.0304239,-0.013179,1.0303724,-120.0134603,1.0304239,119.988167,0.0,-0.0,0.0,180.0,0.0,0.0
CKT_114_16955,55295524,16.0,0.0,0.0,0.0,0.0,0.0,0.0,0.0,0.0,0.0,0.0,0.0,0.0,0.0,0.0,0.0,0.0,0.0,0.0,0.0329397,179.8334167,1.030037,-120.0032373,1.0300425,119.9974063,0.0,180.0,0.0,180.0,0.0,0.0
CKT_114_16955,55318653,16.0,0.0,0.0,0.0,0.0,0.0,0.0,0.0,0.0,0.0,0.0,0.0,0.0,0.0,0.0,0.0,0.0,0.0,0.0,1.0304486,-0.0140021,1.0303931,-120.0142958,1.0304495,119.9874408,0.0,-0.0,0.0,180.0,0.0,0.0
CKT_114_16955,55346080,16.0,0.0,0.0,0.0,0.0,0.0,0.0,0.0,0.0,0.0,0.0,0.0,0.0,0.0,0.0,0.0,0.0,0.0,0.0,1.0304415,-0.0135227,1.0303893,-120.0138135,1.0304411,119.9878578,0.0,-0.0,0.0,180.0,0.0,0.0
CKT_114_16955,55295499,16.0,0.0,0.0,0.0,0.0,0.0,0.0,0.0,0.0,0.0,0.0,0.0,0.0,0.0,0.0,0.0,0.0,0.0,0.0,0.0316555,179.8266585,1.030036,-120.0032843,1.0300413,119.9974301,0.0,180.0,0.0,180.0,0.0,0.0
CKT_114_16955,55346081,16.0,0.0,0.0,0.0,0.0,0.0,0.0,0.0,0.0,0.0,0.0,0.0,0.0,0.0,0.0,0.0,0.0,0.0,0.0,1.0304416,-0.0135233,1.0303893,-120.0138141,1.0304411,119.9878573,0.0,-0.0,0.0,180.0,0.0,0.0
CKT_114_16955,58629622,16.0,0.0,0.0,0.0,0.0,0.0,0.0,0.0,0.0,0.0,0.0,0.0,0.0,0.0,0.0,0.0,0.0,0.0,0.0,1.0304609,-0.0138994,1.0304077,-120.0142006,1.0304598,119.9875189,0.0,-0.0,0.0,180.0,0.0,0.0
CKT_114_16955,58606800,16.0,0.0,0.0,0.0,0.0,0.0,0.0,0.0,0.0,0.0,0.0,0.0,0.0,0.0,0.0,0.0,0.0,0.0,0.0,1.0305056,-0.0147683,1.0304505,-120.0150329,1.0305041,119.9867605,0.0,-0.0,0.0,180.0,0.0,0.0
CKT_114_16955,58679354,16.0,0.0,0.0,0.0,0.0,0.0,0.0,0.0,0.0,0.0,0.0,0.0,0.0,0.0,0.0,0.0,0.0,0.0,0.0,1.0305389,-0.0153926,1.0304818,-120.0156431,1.0305366,119.9862374,0.0,-0.0,0.0,180.0,0.0,0.0
CKT_114_16955,54030983,16.0,0.0,0.0,0.0,0.0,0.0,0.0,0.0,0.0,0.0,0.0,0.0,0.0,0.0,0.0,0.0,0.0,0.0,0.0,1.0305548,-0.0158552,1.0304966,-120.0161346,1.0305516,119.9858159,0.0,-0.0,0.0,180.0,0.0,0.0
CKT_114_16955,58606829,16.0,0.0,0.0,0.0,0.0,0.0,0.0,0.0,0.0,0.0,0.0,0.0,0.0,0.0,0.0,0.0,0.0,0.0,0.0,1.0305536,-0.0156684,1.0304957,-120.0158788,1.0305516,119.9860237,0.0,-0.0,0.0,180.0,0.0,0.0
CKT_114_16955,58629595,16.0,0.0,0.0,0.0,0.0,0.0,0.0,0.0,0.0,0.0,0.0,0.0,0.0,0.0,0.0,0.0,0.0,0.0,0.0,1.0305387,-0.0154011,1.0304818,-120.0156451,1.0305366,119.9862293,0.0,-0.0,0.0,180.0,0.0,0.0
CKT_114_16955,206573360,16.0,0.0,0.0,0.0,0.0,0.0,0.0,0.0,0.0,0.0,0.0,0.0,0.0,0.0,0.0,0.0,0.0,0.0,0.0,1.0305535,-0.0159317,1.0304948,-120.016111,,,0.0,-0.0,0.0,180.0,,
CKT_114_16955,229729521,16.0,0.0,0.0,0.0,0.0,0.0,0.0,0.0,0.0,-0.0,-1.2744307,0.0,0.0,0.0,0.0,0.0,0.0,0.0,0.0,1.0305672,-0.0161613,1.0305087,-120.0164961,1.0305629,119.9854958,44.6248652,89.9838387,44.6223332,-30.0164961,44.624681,-150.0145042
CKT_114_16955,58629543,16.0,0.0,0.0,0.0,0.0,0.0,0.0,0.0,0.0,0.0,0.0,0.0,0.0,0.0,0.0,0.0,0.0,0.0,0.0,1.0305757,-0.016031,1.0305172,-120.0162111,1.0305738,119.9857052,0.0,-0.0,0.0,180.0,0.0,0.0
CKT_114_16955,58629570,16.0,0.0,0.0,0.0,0.0,0.0,0.0,0.0,0.0,0.0,0.0,0.0,0.0,0.0,0.0,0.0,0.0,0.0,0.0,1.0305387,-0.0154027,1.0304818,-120.0156451,1.0305366,119.9862252,0.0,-0.0,0.0,180.0,0.0,0.0
CKT_114_16955,163631475,16.0,0.0,0.0,0.0,0.0,0.0,0.0,0.0,0.0,0.0,-1.2744908,0.0,0.0,0.0,0.0,0.0,0.0,0.0,0.0,1.0305907,-0.0162457,1.0305322,-120.0164257,1.0305888,119.9854905,44.6258845,89.9837543,44.6233495,-30.0164257,44.6258036,-150.0145095
CKT_114_16955,54030766,16.0,0.0,0.0,0.0,0.0,0.0,0.0,0.0,0.0,0.0,0.0,0.0,0.0,0.0,0.0,0.0,0.0,0.0,0.0,1.0305672,-0.0161613,1.0305086,-120.0165177,1.0305625,119.9854904,0.0,-0.0,0.0,180.0,0.0,0.0
CKT_114_16955,206573361,16.0,0.0,0.0,0.0,0.0,0.0,0.0,0.0,0.0,0.0,0.0,0.0,0.0,0.0,0.0,0.0,0.0,0.0,0.0,1.0305535,-0.0159317,1.0304948,-120.016111,,,0.0,-0.0,0.0,180.0,,
CKT_114_16955,206573398,16.0,0.0,0.0,0.0,0.0,0.0,0.0,0.0,0.0,0.0,0.0,0.0,0.0,0.0,0.0,0.0,0.0,0.0,0.0,1.0305535,-0.0159346,1.0304947,-120.0161101,,,0.0,-0.0,0.0,180.0,,
CKT_114_16955,210943358,16.0,0.0,0.0,0.0,0.0,0.0,0.0,0.0,0.0,0.0,0.0,0.0,0.0,0.0,0.0,0.0,0.0,0.0,0.0,1.0305672,-0.0161613,1.0305086,-120.0165177,1.0305625,119.9854904,0.0,-0.0,0.0,180.0,0.0,0.0
CKT_114_16955,215486954,16.0,0.0,0.0,0.0,0.0,0.0,0.0,0.0,0.0,0.0,0.0,0.0,0.0,0.0,0.0,0.0,0.0,0.0,0.0,1.0305907,-0.0162457,1.0305322,-120.0164257,1.0305888,119.9854905,0.0,-0.0,0.0,180.0,0.0,0.0
CKT_114_16955,299261595,16.0,0.0,0.0,0.0,0.0,0.0,0.0,0.0,0.0,0.0,0.0,0.0,0.0,0.0,0.0,0.0,0.0,0.0,0.0,0.0325253,179.0393895,1.0305078,-120.0165631,1.0305614,119.985505,0.0,180.0,0.0,180.0,0.0,0.0
CKT_114_16955,207913899,16.0,0.0,0.0,0.0,0.0,0.0,0.0,0.0,0.0,0.0,0.0,0.0,0.0,0.0,0.0,0.0,0.0,0.0,0.0,,,1.0305077,-120.0165693,1.0305612,119.9855069,,,0.0,180.0,0.0,0.0
CKT_114_16955,54028408,16.0,0.0,0.0,0.0,0.0,0.0,0.0,0.0,0.0,0.0,0.0,0.0,0.0,0.0,0.0,0.0,0.0,0.0,0.0,1.0305531,-0.0159579,1.0304942,-120.0161024,0.0324444,-58.5961622,0.0,-0.0,0.0,180.0,0.0,-180.0
CKT_114_16955,54029939,16.0,0.0,0.0,0.0,0.0,0.0,0.0,0.0,0.0,0.0,0.0,0.0,0.0,0.0,0.0,0.0,0.0,0.0,0.0,1.0305532,-0.0159547,1.0304943,-120.0161046,0.0327189,-58.88912,0.0,-0.0,0.0,180.0,0.0,-180.0
CKT_114_16955,58679746,16.0,0.0,0.0,0.0,0.0,0.0,0.0,0.0,0.0,0.0,0.0,0.0,0.0,0.0,0.0,0.0,0.0,0.0,0.0,1.0305907,-0.0162457,1.0305322,-120.0164257,1.0305888,119.9854905,0.0,-0.0,0.0,180.0,0.0,0.0
CKT_114_16955,135632222,16.0,0.0,0.0,0.0,0.0,0.0,0.0,0.0,0.0,0.0,0.0,0.0,0.0,0.0,0.0,0.0,0.0,0.0,0.0,1.0305907,-0.0162457,1.0305322,-120.0164257,1.0305888,119.9854905,0.0,-0.0,0.0,180.0,0.0,0.0
CKT_114_16955,54028333,16.0,0.0,0.0,0.0,0.0,0.0,0.0,0.0,0.0,0.0,0.0,0.0,0.0,0.0,0.0,0.0,0.0,0.0,0.0,1.030553,-0.0159679,1.030494,-120.0161021,0.0338249,-60.0131926,0.0,-0.0,0.0,180.0,0.0,-180.0
CKT_114_16955,54030064,16.0,0.0,0.0,0.0,0.0,0.0,0.0,0.0,0.0,0.0,0.0,0.0,0.0,0.0,0.0,0.0,0.0,0.0,0.0,1.0305523,-0.0160069,1.030493,-120.0160865,0.0338249,-60.0131926,0.0,-0.0,0.0,180.0,0.0,-180.0
CKT_114_16955,58629494,16.0,0.0,0.0,0.0,0.0,0.0,0.0,0.0,0.0,0.0,0.0,0.0,0.0,0.0,0.0,0.0,0.0,0.0,0.0,1.0305907,-0.0162457,1.0305322,-120.0164257,1.0305888,119.9854905,0.0,-0.0,0.0,180.0,0.0,0.0
CKT_114_16955,207913900,16.0,0.0,0.0,0.0,0.0,0.0,0.0,0.0,0.0,0.0,0.0,0.0,0.0,0.0,0.0,0.0,0.0,0.0,0.0,,,1.0305077,-120.0165694,1.0305612,119.985507,,,0.0,180.0,0.0,0.0
CKT_114_16955,210943564,16.0,0.0,0.0,0.0,0.0,0.0,0.0,0.0,0.0,0.0,0.0,0.0,0.0,0.0,0.0,0.0,0.0,0.0,0.0,,,1.0305076,-120.0165738,1.0305611,119.9855084,,,0.0,180.0,0.0,0.0
CKT_114_16955,55295314,16.0,0.0,0.0,0.0,0.0,0.0,0.0,0.0,0.0,0.0,0.0,0.0,0.0,0.0,0.0,0.0,0.0,0.0,0.0,1.030051,-0.0028765,1.0300418,-120.0029671,1.0300486,119.9973118,0.0,-0.0,0.0,180.0,0.0,0.0
CKT_114_16955,55295453,16.0,0.0,0.0,0.0,0.0,0.0,0.0,0.0,0.0,0.0,0.0,0.0,0.0,0.0,0.0,0.0,0.0,0.0,0.0,1.0300511,-0.0028812,1.0300418,-120.0029717,1.0300486,119.9973074,0.0,-0.0,0.0,180.0,0.0,0.0
CKT_114_16955,55318654,16.0,0.0,0.0,0.0,0.0,0.0,0.0,0.0,0.0,0.0,0.0,0.0,0.0,0.0,0.0,0.0,0.0,0.0,0.0,1.0304486,-0.0140031,1.0303932,-120.0142967,1.0304495,119.9874398,0.0,-0.0,0.0,180.0,0.0,0.0
CKT_114_16955,55295613,16.0,0.0,0.0,0.0,0.0,0.0,0.0,0.0,0.0,0.0,0.0,0.0,0.0,0.0,0.0,0.0,0.0,0.0,0.0,1.0304486,-0.014007,1.0303932,-120.0143003,1.0304495,119.9874362,0.0,-0.0,0.0,180.0,0.0,0.0
CKT_114_16955,55295597,16.0,0.0,0.0,0.0,0.0,0.0,0.0,0.0,0.0,0.0,0.0,0.0,0.0,0.0,0.0,0.0,0.0,0.0,0.0,1.0304487,-0.014011,1.0303932,-120.0143041,1.0304496,119.9874323,0.0,-0.0,0.0,180.0,0.0,0.0
CKT_114_16955,55295751,16.0,0.0,0.0,0.0,0.0,0.0,0.0,0.0,0.0,0.0,0.0,0.0,0.0,0.0,0.0,0.0,0.0,0.0,0.0,1.0304487,-0.0140126,1.0303932,-120.0143055,1.0304496,119.9874308,0.0,-0.0,0.0,180.0,0.0,0.0
CKT_114_16955,55295767,16.0,0.0,0.0,0.0,0.0,0.0,0.0,0.0,0.0,0.0,0.0,0.0,0.0,0.0,0.0,0.0,0.0,0.0,0.0,1.0304487,-0.0140175,1.0303933,-120.0143102,1.0304497,119.987426,0.0,-0.0,0.0,180.0,0.0,0.0
CKT_114_16955,55295950,16.0,0.0,0.0,0.0,0.0,0.0,0.0,0.0,0.0,0.0,0.0,0.0,0.0,0.0,0.0,0.0,0.0,0.0,0.0,1.0304488,-0.014019,1.0303933,-120.0143117,1.0304497,119.9874244,0.0,-0.0,0.0,180.0,0.0,0.0
CKT_114_16955,55316523,16.0,0.0,0.0,0.0,0.0,0.0,0.0,0.0,0.0,0.0,0.0,0.0,0.0,0.0,0.0,0.0,0.0,0.0,0.0,1.0304491,-0.0140449,1.0303936,-120.0143369,1.0304501,119.9873983,0.0,-0.0,0.0,180.0,0.0,0.0
CKT_114_16955,177740135,16.0,0.0,0.0,0.0,0.0,0.0,0.0,0.0,0.0,0.0,0.0,0.0,0.0,0.0,0.0,0.0,0.0,0.0,0.0,1.0304492,-0.0140467,1.0303937,-120.0143386,1.0304501,119.9873965,0.0,-0.0,0.0,180.0,0.0,0.0
CKT_114_16955,173020031,16.0,0.0,0.0,0.0,0.0,0.0,0.0,0.0,0.0,0.0,0.0,0.0,0.0,0.0,0.0,0.0,0.0,0.0,0.0,1.0304492,-0.0140487,1.0303937,-120.0143407,1.0304501,119.9873945,0.0,-0.0,0.0,180.0,0.0,0.0
CKT_114_16955,42998409,16.0,0.0,0.0,0.0,0.0,0.0,0.0,0.0,0.0,0.0,0.0,0.0,0.0,0.0,0.0,0.0,0.0,0.0,0.0,1.0304489,-0.0140301,1.0303934,-120.0143224,1.0304498,119.9874133,0.0,-0.0,0.0,180.0,0.0,0.0
CKT_114_16955,174738672,16.0,0.0,0.0,0.0,0.0,0.0,0.0,0.0,0.0,0.0,0.0,0.0,0.0,0.0,0.0,0.0,0.0,0.0,0.0,1.0304489,-0.0140323,1.0303934,-120.0143245,1.0304499,119.9874111,0.0,-0.0,0.0,180.0,0.0,0.0
CKT_114_16955,174738699,16.0,0.0,0.0,0.0,0.0,0.0,0.0,0.0,0.0,0.0,0.0,0.0,0.0,0.0,0.0,0.0,0.0,0.0,0.0,1.030449,-0.0140369,1.0303935,-120.0143289,1.0304499,119.9874065,0.0,-0.0,0.0,180.0,0.0,0.0
CKT_114_16955,174139546,16.0,0.0,0.0,0.0,0.0,0.0,0.0,0.0,0.0,0.0,0.0,0.0,0.0,0.0,0.0,0.0,0.0,0.0,0.0,1.030449,-0.0140381,1.0303935,-120.0143301,1.0304499,119.9874052,0.0,-0.0,0.0,180.0,0.0,0.0
CKT_114_16955,174139555,16.0,0.0,0.0,0.0,0.0,0.0,0.0,0.0,0.0,0.0,0.0,0.0,0.0,0.0,0.0,0.0,0.0,0.0,0.0,1.030449,-0.0140391,1.0303935,-120.0143311,1.03045,119.9874043,0.0,-0.0,0.0,180.0,0.0,0.0
CKT_114_16955,174139663,16.0,0.0,0.0,0.0,0.0,0.0,0.0,0.0,0.0,0.0,0.0,0.0,0.0,0.0,0.0,0.0,0.0,0.0,0.0,1.030449,-0.0140391,1.0303935,-120.0143311,1.03045,119.9874043,0.0,-0.0,0.0,180.0,0.0,0.0
CKT_114_16955,174139537,16.0,0.0,0.0,0.0,0.0,0.0,0.0,0.0,0.0,0.0,0.0,0.0,0.0,0.0,0.0,0.0,0.0,0.0,0.0,1.030449,-0.0140405,1.0303935,-120.0143324,1.03045,119.9874028,0.0,-0.0,0.0,180.0,0.0,0.0
CKT_114_16955,42981371,16.0,0.0,0.0,0.0,0.0,0.0,0.0,0.0,0.0,0.0,0.0,0.0,0.0,0.0,0.0,0.0,0.0,0.0,0.0,1.0304491,-0.0140408,1.0303936,-120.0143327,1.03045,119.9874025,0.0,-0.0,0.0,180.0,0.0,0.0
CKT_114_16955,174139528,16.0,0.0,0.0,0.0,0.0,0.0,0.0,0.0,0.0,0.0,0.0,0.0,0.0,0.0,0.0,0.0,0.0,0.0,0.0,1.0304491,-0.0140408,1.0303936,-120.0143327,1.03045,119.9874025,0.0,-0.0,0.0,180.0,0.0,0.0
CKT_114_16955,143461289,16.0,0.0,0.0,0.0,0.0,0.0,0.0,0.0,0.0,0.0,0.0,0.0,0.0,0.0,0.0,0.0,0.0,0.0,0.0,1.0304491,-0.0140419,1.0303936,-120.0143338,1.03045,119.9874014,0.0,-0.0,0.0,180.0,0.0,0.0
CKT_114_16955,176394353,16.0,0.0,0.0,0.0,0.0,0.0,0.0,0.0,0.0,0.0,0.0,0.0,0.0,0.0,0.0,0.0,0.0,0.0,0.0,1.0304491,-0.0140428,1.0303936,-120.0143347,1.03045,119.9874005,0.0,-0.0,0.0,180.0,0.0,0.0
CKT_114_16955,173020022,16.0,0.0,0.0,0.0,0.0,0.0,0.0,0.0,0.0,0.0,0.0,0.0,0.0,0.0,0.0,0.0,0.0,0.0,0.0,1.0304492,-0.0140499,1.0303937,-120.0143419,1.0304501,119.9873933,0.0,-0.0,0.0,180.0,0.0,0.0
CKT_114_16955,177740084,16.0,0.0,0.0,0.0,0.0,0.0,0.0,0.0,0.0,0.0,-1.9112186,0.0,0.0,0.0,0.0,0.0,0.0,0.0,0.0,1.0304492,-0.0140499,1.0303937,-120.0143419,1.0304501,119.9873933,66.9296416,89.9859501,66.9260367,-30.0143419,66.9297032,-150.0126067
CKT_114_16955,173020013,16.0,0.0,0.0,0.0,0.0,0.0,0.0,0.0,0.0,0.0,0.0,0.0,0.0,0.0,0.0,0.0,0.0,0.0,0.0,1.0304492,-0.0140495,1.0303937,-120.0143415,1.0304501,119.9873937,0.0,-0.0,0.0,180.0,0.0,0.0
CKT_114_16955,177283116,16.0,0.0,0.0,0.0,0.0,0.0,0.0,0.0,0.0,0.0,0.0,0.0,0.0,0.0,0.0,0.0,0.0,0.0,0.0,1.0304492,-0.0140495,1.0303937,-120.0143415,1.0304501,119.9873937,0.0,-0.0,0.0,180.0,0.0,0.0
CKT_114_16955,55316531,16.0,0.0,0.0,0.0,0.0,0.0,0.0,0.0,0.0,0.0,0.0,0.0,0.0,0.0,0.0,0.0,0.0,0.0,0.0,1.0304491,-0.0140437,1.0303936,-120.0143356,1.03045,119.9873996,0.0,-0.0,0.0,180.0,0.0,0.0
CKT_114_16955,174139655,16.0,0.0,0.0,0.0,0.0,0.0,0.0,0.0,0.0,0.0,0.0,0.0,0.0,0.0,0.0,0.0,0.0,0.0,0.0,1.030449,-0.0140391,1.0303935,-120.0143311,1.03045,119.9874043,0.0,-0.0,0.0,180.0,0.0,0.0
CKT_114_16955,42999659,16.0,0.0,0.0,0.0,0.0,0.0,0.0,0.0,0.0,0.0,0.0,0.0,0.0,0.0,0.0,0.0,0.0,0.0,0.0,1.030449,-0.0140391,1.0303935,-120.0143311,1.03045,119.9874043,0.0,-0.0,0.0,180.0,0.0,0.0
CKT_114_16955,55295934,16.0,0.0,0.0,0.0,0.0,0.0,0.0,0.0,0.0,0.0,0.0,0.0,0.0,0.0,0.0,0.0,0.0,0.0,0.0,1.0304488,-0.0140238,1.0303933,-120.0143164,1.0304497,119.9874196,0.0,-0.0,0.0,180.0,0.0,0.0
CKT_114_16955,42998417,16.0,0.0,0.0,0.0,0.0,0.0,0.0,0.0,0.0,0.0,0.0,0.0,0.0,0.0,0.0,0.0,0.0,0.0,0.0,1.0304489,-0.0140263,1.0303934,-120.0143188,1.0304498,119.9874171,0.0,-0.0,0.0,180.0,0.0,0.0
CKT_114_16955,58629495,16.0,0.0,0.0,0.0,0.0,0.0,0.0,0.0,0.0,0.0,0.0,0.0,0.0,0.0,0.0,0.0,0.0,0.0,0.0,1.0305907,-0.0162457,1.0305322,-120.0164257,1.0305888,119.9854905,0.0,-0.0,0.0,180.0,0.0,0.0
CKT_114_16955,165329098,16.0,0.0,0.0,0.0,0.0,0.0,0.0,0.0,0.0,0.0,0.0,0.0,0.0,0.0,0.0,0.0,0.0,0.0,0.0,1.0305907,-0.0162457,1.0305322,-120.0164257,1.0305888,119.9854905,0.0,-0.0,0.0,180.0,0.0,0.0
CKT_114_16955,54028433,16.0,0.0,0.0,0.0,0.0,0.0,0.0,0.0,0.0,0.0,0.0,0.0,0.0,0.0,0.0,0.0,0.0,0.0,0.0,1.0305514,-0.0160558,1.0304918,-120.0160706,0.0324444,-58.5961622,0.0,-0.0,0.0,180.0,0.0,-180.0
CKT_114_16955,206573356,16.0,0.0,0.0,0.0,0.0,0.0,0.0,0.0,0.0,0.0,0.0,0.0,0.0,0.0,0.0,0.0,0.0,0.0,0.0,1.0305513,-0.0160634,1.0304916,-120.0160681,0.0327189,-58.88912,0.0,-0.0,0.0,180.0,0.0,-180.0
CKT_114_16955,51230451,16.0,0.0,0.0,0.0,0.0,0.0,0.0,0.0,0.0,0.0,0.0,0.0,0.0,0.0,0.0,0.0,0.0,0.0,0.0,1.0304355,-0.0142069,1.0303811,-120.013821,,,0.0,-0.0,0.0,180.0,,
CKT_114_16955,51230464,16.0,0.0,0.0,0.0,0.0,0.0,0.0,0.0,0.0,0.0,0.0,0.0,0.0,0.0,0.0,0.0,0.0,0.0,0.0,1.0304373,-0.0141809,1.0303803,-120.013939,1.0304458,119.9876015,0.0,-0.0,0.0,180.0,0.0,0.0
CKT_114_16955,54028358,16.0,0.0,0.0,0.0,0.0,0.0,0.0,0.0,0.0,0.0,0.0,0.0,0.0,0.0,0.0,0.0,0.0,0.0,0.0,0.0338094,179.0758762,1.0305076,-120.0165768,1.0305611,119.9855095,0.0,180.0,0.0,180.0,0.0,0.0
CKT_114_16955,42998401,16.0,0.0,0.0,0.0,0.0,0.0,0.0,0.0,0.0,0.0,0.0,0.0,0.0,0.0,0.0,0.0,0.0,0.0,0.0,1.0304489,-0.0140282,1.0303934,-120.0143207,1.0304498,119.9874151,0.0,-0.0,0.0,180.0,0.0,0.0
CKT_114_16955,151406547,16.0,0.0,0.0,0.0,0.0,0.0,0.0,0.0,0.0,0.0,0.0,0.0,0.0,0.0,0.0,0.0,0.0,0.0,0.0,1.0304459,-0.0138708,1.0303775,-120.0141002,1.0304443,119.9874057,0.0,-0.0,0.0,180.0,0.0,0.0
CKT_114_16955,151406565,16.0,0.0,0.0,0.0,0.0,0.0,0.0,0.0,0.0,0.0,0.0,0.0,0.0,0.0,0.0,0.0,0.0,0.0,0.0,1.0304459,-0.0138708,1.0303775,-120.0141002,1.0304443,119.9874056,0.0,-0.0,0.0,180.0,0.0,0.0
CKT_114_16955,42981855,16.0,0.0,0.0,0.0,0.0,0.0,0.0,0.0,0.0,0.0,0.0,0.0,0.0,0.0,0.0,0.0,0.0,0.0,0.0,1.0304444,-0.0137933,1.0303746,-120.0140686,1.0304415,119.987401,0.0,-0.0,0.0,180.0,0.0,0.0
CKT_114_16955,174738681,16.0,0.0,0.0,0.0,0.0,0.0,0.0,0.0,0.0,0.0,0.0,0.0,0.0,0.0,0.0,0.0,0.0,0.0,0.0,1.030449,-0.0140342,1.0303935,-120.0143262,1.0304499,119.9874093,0.0,-0.0,0.0,180.0,0.0,0.0
CKT_114_16955,42981792,16.0,0.0,0.0,0.0,0.0,0.0,0.0,0.0,0.0,0.0,0.0,0.0,0.0,0.0,0.0,0.0,0.0,0.0,0.0,1.0304486,-0.014042,1.0303931,-120.0143109,1.0304499,119.9874093,0.0,-0.0,0.0,180.0,0.0,0.0
CKT_114_16955,42981868,16.0,0.0,0.0,0.0,0.0,0.0,0.0,0.0,0.0,0.0,0.0,0.0,0.0,0.0,0.0,0.0,0.0,0.0,0.0,1.0304441,-0.013788,1.0303741,-120.0140748,1.0304412,119.9873885,0.0,-0.0,0.0,180.0,0.0,0.0
CKT_114_16955,43019196,16.0,0.0,0.0,0.0,0.0,0.0,0.0,0.0,0.0,0.0,0.0,0.0,0.0,0.0,0.0,0.0,0.0,0.0,0.0,1.0304434,-0.0137504,1.0303729,-120.0140559,1.03044,119.987376,0.0,-0.0,0.0,180.0,0.0,0.0
CKT_114_16955,43019188,16.0,0.0,0.0,0.0,0.0,0.0,0.0,0.0,0.0,0.0,0.0,0.0,0.0,0.0,0.0,0.0,0.0,0.0,0.0,1.0304434,-0.0137504,1.0303729,-120.0140559,1.03044,119.987376,0.0,-0.0,0.0,180.0,0.0,0.0
CKT_114_16955,210332486,16.0,0.0,0.0,0.0,0.0,0.0,0.0,0.0,0.0,0.0,0.0,0.0,0.0,0.0,0.0,0.0,0.0,0.0,0.0,1.0304434,-0.0137504,1.0303729,-120.0140559,1.03044,119.9873767,0.0,-0.0,0.0,180.0,0.0,0.0
CKT_114_16955,43019179,16.0,0.0,0.0,0.0,0.0,0.0,0.0,0.0,0.0,0.0,0.0,0.0,0.0,0.0,0.0,0.0,0.0,0.0,0.0,1.0304434,-0.0137504,1.0303729,-120.0140559,1.03044,119.987376,0.0,-0.0,0.0,180.0,0.0,0.0
CKT_114_16955,43021035,16.0,0.0,0.0,0.0,0.0,0.0,0.0,0.0,0.0,0.0,0.0,0.0,0.0,0.0,0.0,0.0,0.0,0.0,0.0,1.0304431,-0.0137375,1.0303725,-120.0140495,1.0304397,119.9873706,0.0,-0.0,0.0,180.0,0.0,0.0
CKT_114_16955,42999716,16.0,0.0,0.0,0.0,0.0,0.0,0.0,0.0,0.0,0.0,0.0,0.0,0.0,0.0,0.0,0.0,0.0,0.0,0.0,1.0304431,-0.0137334,,,1.0304396,119.987369,0.0,-0.0,,,0.0,0.0
CKT_114_16955,43018546,16.0,0.0,0.0,0.0,0.0,0.0,0.0,0.0,0.0,0.0,0.0,0.0,0.0,0.0,0.0,0.0,0.0,0.0,0.0,1.0304428,-0.0137224,1.0303712,-120.0140289,1.0304393,119.9873635,0.0,-0.0,0.0,180.0,0.0,0.0
CKT_114_16955,177282962,16.0,0.0,0.0,0.0,0.0,0.0,0.0,0.0,0.0,0.0,0.0,0.0,0.0,0.0,0.0,0.0,0.0,0.0,0.0,1.0304492,-0.0140495,1.0303937,-120.0143415,1.0304501,119.9873937,0.0,-0.0,0.0,180.0,0.0,0.0
CKT_114_16955,210332487,16.0,0.0,0.0,0.0,0.0,0.0,0.0,0.0,0.0,0.0,0.0,0.0,0.0,0.0,0.0,0.0,0.0,0.0,0.0,1.0304434,-0.0137504,1.0303729,-120.0140559,1.03044,119.9873767,0.0,-0.0,0.0,180.0,0.0,0.0
CKT_114_16955,210332407,16.0,0.0,0.0,0.0,0.0,0.0,0.0,0.0,0.0,0.0,0.0,0.0,0.0,0.0,0.0,0.0,0.0,0.0,0.0,1.0304434,-0.0137504,1.0303729,-120.0140559,1.03044,119.9873769,0.0,-0.0,0.0,180.0,0.0,0.0
CKT_114_16955,43018555,16.0,0.0,0.0,0.0,0.0,0.0,0.0,0.0,0.0,0.0,0.0,0.0,0.0,0.0,0.0,0.0,0.0,0.0,0.0,1.0304428,-0.0137224,1.0303712,-120.0140289,1.0304393,119.9873635,0.0,-0.0,0.0,180.0,0.0,0.0
CKT_114_16955,42999779,16.0,0.0,0.0,0.0,0.0,0.0,0.0,0.0,0.0,0.0,0.0,0.0,0.0,0.0,0.0,0.0,0.0,0.0,0.0,1.0304423,-0.0136974,,,1.0304387,119.9873516,0.0,-0.0,,,0.0,0.0
CKT_114_16955,42999707,16.0,0.0,0.0,0.0,0.0,0.0,0.0,0.0,0.0,0.0,0.0,0.0,0.0,0.0,0.0,0.0,0.0,0.0,0.0,1.0304431,-0.0137334,,,1.0304396,119.987369,0.0,-0.0,,,0.0,0.0
CKT_114_16955,43018483,16.0,0.0,0.0,0.0,0.0,0.0,0.0,0.0,0.0,0.0,0.0,0.0,0.0,0.0,0.0,0.0,0.0,0.0,0.0,1.0304426,-0.0137093,,,1.030439,119.9873609,0.0,-0.0,,,0.0,0.0
CKT_114_16955,54029162,16.0,0.0,0.0,0.0,0.0,0.0,0.0,0.0,0.0,0.0,0.0,0.0,0.0,0.0,0.0,0.0,0.0,0.0,0.0,0.0325253,179.039389,1.0305058,-120.0166844,1.0305585,119.9855404,0.0,180.0,0.0,180.0,0.0,0.0
CKT_114_16955,54028383,16.0,0.0,0.0,0.0,0.0,0.0,0.0,0.0,0.0,0.0,0.0,0.0,0.0,0.0,0.0,0.0,0.0,0.0,0.0,0.0351475,-176.700072,1.0305058,-120.0166851,1.0305585,119.9855407,0.0,180.0,0.0,180.0,0.0,0.0
CKT_114_16955,177282971,16.0,0.0,0.0,0.0,0.0,0.0,0.0,0.0,0.0,0.0,0.0,0.0,0.0,0.0,0.0,0.0,0.0,0.0,0.0,1.0304492,-0.0140495,1.0303937,-120.0143415,1.0304501,119.9873937,0.0,-0.0,0.0,180.0,0.0,0.0
CKT_114_16955,176928355,16.0,0.0,0.0,0.0,0.0,0.0,0.0,0.0,0.0,0.0,0.0,0.0,0.0,0.0,0.0,0.0,0.0,0.0,0.0,1.0304492,-0.0140495,1.0303937,-120.0143415,1.0304501,119.9873937,0.0,-0.0,0.0,180.0,0.0,0.0
CKT_114_16955,177282953,16.0,0.0,0.0,0.0,0.0,0.0,0.0,0.0,0.0,0.0,0.0,0.0,0.0,0.0,0.0,0.0,0.0,0.0,0.0,1.0304492,-0.0140495,1.0303937,-120.0143415,1.0304501,119.9873937,0.0,-0.0,0.0,180.0,0.0,0.0
CKT_114_16955,-777777177282953,16.0,0.0,0.0,0.0,0.0,0.0,0.0,0.0,0.0,0.0,0.0,0.0,0.0,0.0,0.0,0.0,0.0,0.0,0.0,1.0304492,-0.0140495,1.0303937,-120.0143415,1.0304501,119.9873937,0.0,-0.0,0.0,180.0,0.0,0.0
CKT_114_16955,54028458,16.0,0.0,0.0,0.0,0.0,0.0,0.0,0.0,0.0,0.0,0.0,0.0,0.0,0.0,0.0,0.0,0.0,0.0,0.0,0.0300081,176.5046376,1.030507,-120.0166114,1.0305602,119.9855202,0.0,180.0,0.0,180.0,0.0,0.0
CKT_114_16955,51229774,16.0,0.0,0.0,0.0,0.0,0.0,0.0,0.0,0.0,0.0,0.0,0.0,0.0,0.0,0.0,0.0,0.0,0.0,0.0,1.0304081,-0.0147843,1.0303585,-120.0127916,0.0311797,-62.6258286,0.0,-0.0,0.0,180.0,0.0,-180.0
CKT_114_16955,51244674,16.0,0.0,0.0,0.0,0.0,0.0,0.0,0.0,0.0,0.0,0.0,0.0,0.0,0.0,0.0,0.0,0.0,0.0,0.0,1.0304038,-0.0148733,1.0303549,-120.0126284,0.0349087,-56.0936774,0.0,-0.0,0.0,180.0,0.0,-180.0
CKT_114_16955,207913876,16.0,0.0,0.0,0.0,0.0,0.0,0.0,0.0,0.0,0.0,0.0,0.0,0.0,0.0,0.0,0.0,0.0,0.0,0.0,0.0338131,-178.7477597,1.0305059,-120.0166731,1.0305588,119.9855391,0.0,180.0,0.0,180.0,0.0,0.0
CKT_114_16955,51230450,16.0,0.0,0.0,0.0,0.0,0.0,0.0,0.0,0.0,0.0,0.0,0.0,0.0,0.0,0.0,0.0,0.0,0.0,0.0,1.0304355,-0.0142069,1.0303811,-120.013821,,,0.0,-0.0,0.0,180.0,,
CKT_114_16955,123861022,16.0,0.0,0.0,0.0,0.0,0.0,0.0,0.0,0.0,0.0,0.0,0.0,0.0,0.0,0.0,0.0,0.0,0.0,0.0,1.0304297,-0.0143292,1.0303763,-120.0136013,0.0384433,-59.565871,0.0,-0.0,0.0,180.0,0.0,-180.0
CKT_114_16955,51230463,16.0,0.0,0.0,0.0,0.0,0.0,0.0,0.0,0.0,0.0,0.0,0.0,0.0,0.0,0.0,0.0,0.0,0.0,0.0,1.0304373,-0.0141809,1.0303803,-120.0139391,1.0304458,119.9876015,0.0,-0.0,0.0,180.0,0.0,0.0
CKT_114_16955,51229801,16.0,0.0,0.0,0.0,0.0,0.0,0.0,0.0,0.0,0.0,0.0,0.0,0.0,0.0,0.0,0.0,0.0,0.0,0.0,1.0304373,-0.0141809,1.03038,-120.0139582,1.0304453,119.9876085,0.0,-0.0,0.0,180.0,0.0,0.0
CKT_114_16955,54028483,16.0,0.0,0.0,0.0,0.0,0.0,0.0,0.0,0.0,0.0,0.0,0.0,0.0,0.0,0.0,0.0,0.0,0.0,0.0,0.0325291,-178.6983258,1.0305058,-120.0166813,1.0305586,119.9855411,0.0,180.0,0.0,180.0,0.0,0.0
CKT_114_16955,42981723,16.0,0.0,0.0,0.0,0.0,0.0,0.0,0.0,0.0,0.0,0.0,0.0,0.0,0.0,0.0,0.0,0.0,0.0,0.0,1.0304814,-0.0152011,1.0304277,-120.0154572,1.0304838,119.9861726,0.0,-0.0,0.0,180.0,0.0,0.0
CKT_114_16955,42981752,16.0,0.0,0.0,0.0,0.0,0.0,0.0,0.0,0.0,0.0,0.0,0.0,0.0,0.0,0.0,0.0,0.0,0.0,0.0,1.030481,-0.0151945,1.0304275,-120.0154639,1.0304833,119.9861628,0.0,-0.0,0.0,180.0,0.0,0.0
CKT_114_16955,43019928,16.0,0.0,0.0,0.0,0.0,0.0,0.0,0.0,0.0,0.0,0.0,0.0,0.0,0.0,0.0,0.0,0.0,0.0,0.0,1.0304922,-0.0155557,1.0304388,-120.0158028,1.0304949,119.985809,0.0,-0.0,0.0,180.0,0.0,0.0
CKT_114_16955,166167736,16.0,0.0,0.0,0.0,0.0,0.0,0.0,0.0,0.0,-0.0,-1.2742853,0.0,0.0,0.0,0.0,0.0,0.0,0.0,0.0,1.0305042,-0.0159456,1.0304511,-120.0161833,1.0305071,119.9854087,44.6221369,89.9840544,44.6198385,-30.0161833,44.6222698,-150.0145913
CKT_114_16955,42981781,16.0,0.0,0.0,0.0,0.0,0.0,0.0,0.0,0.0,0.0,0.0,0.0,0.0,0.0,0.0,0.0,0.0,0.0,0.0,1.0304809,-0.0151914,1.0304275,-120.0154639,1.0304832,119.9861568,0.0,-0.0,0.0,180.0,0.0,0.0
CKT_114_16955,42981854,16.0,0.0,0.0,0.0,0.0,0.0,0.0,0.0,0.0,0.0,0.0,0.0,0.0,0.0,0.0,0.0,0.0,0.0,0.0,1.0304444,-0.0137933,1.0303746,-120.0140686,1.0304415,119.9874009,0.0,-0.0,0.0,180.0,0.0,0.0
CKT_114_16955,42997354,16.0,0.0,0.0,0.0,0.0,0.0,0.0,0.0,0.0,0.0,0.0,0.0,0.0,0.0,0.0,0.0,0.0,0.0,0.0,1.0304442,-0.0137902,1.0303743,-120.014073,1.0304413,119.987394,0.0,-0.0,0.0,180.0,0.0,0.0
CKT_114_16955,42981867,16.0,0.0,0.0,0.0,0.0,0.0,0.0,0.0,0.0,0.0,0.0,0.0,0.0,0.0,0.0,0.0,0.0,0.0,0.0,1.0304441,-0.013788,1.0303741,-120.0140748,1.0304412,119.9873885,0.0,-0.0,0.0,180.0,0.0,0.0
CKT_114_16955,42981791,16.0,0.0,0.0,0.0,0.0,0.0,0.0,0.0,0.0,0.0,0.0,0.0,0.0,0.0,0.0,0.0,0.0,0.0,0.0,1.0304486,-0.0140421,1.0303931,-120.0143109,1.0304499,119.9874093,0.0,-0.0,0.0,180.0,0.0,0.0
CKT_114_16955,219234733,16.0,0.0,0.0,0.0,0.0,0.0,0.0,0.0,0.0,0.0,0.0,0.0,0.0,0.0,0.0,0.0,0.0,0.0,0.0,1.0304481,-0.0140637,1.0303926,-120.0143,1.0304499,119.9874093,0.0,-0.0,0.0,180.0,0.0,0.0
CKT_114_16955,219234734,16.0,0.0,0.0,0.0,0.0,0.0,0.0,0.0,0.0,0.0,0.0,0.0,0.0,0.0,0.0,0.0,0.0,0.0,0.0,1.0304481,-0.0140637,1.0303926,-120.0143,1.0304499,119.9874093,0.0,-0.0,0.0,180.0,0.0,0.0
CKT_114_16955,87091007,16.0,0.0,0.0,0.0,0.0,0.0,0.0,0.0,0.0,0.0,0.0,0.0,0.0,0.0,0.0,0.0,0.0,0.0,0.0,1.030448,-0.0140682,1.0303925,-120.0142977,1.0304499,119.9874093,0.0,-0.0,0.0,180.0,0.0,0.0
CKT_114_16955,43019975,16.0,0.0,0.0,0.0,0.0,0.0,0.0,0.0,0.0,0.0,0.0,0.0,0.0,0.0,0.0,0.0,0.0,0.0,0.0,1.0304809,-0.0151914,1.0304275,-120.0154639,1.0304832,119.9861568,0.0,-0.0,0.0,180.0,0.0,0.0
CKT_114_16955,43021052,16.0,0.0,0.0,0.0,0.0,0.0,0.0,0.0,0.0,0.0,0.0,0.0,0.0,0.0,0.0,0.0,0.0,0.0,0.0,1.0305101,-0.016222,1.0304574,-120.0164468,1.0305135,119.9851177,0.0,-0.0,0.0,180.0,0.0,0.0
CKT_114_16955,196783908,16.0,0.0,0.0,0.0,0.0,0.0,0.0,0.0,0.0,0.0,0.0,0.0,0.0,0.0,0.0,0.0,0.0,0.0,0.0,1.0305078,-0.0161783,,,1.0305117,119.9850315,0.0,-0.0,,,0.0,0.0
CKT_114_16955,43019959,16.0,0.0,0.0,0.0,0.0,0.0,0.0,0.0,0.0,-0.0,-0.9557341,0.0,0.0,0.0,0.0,0.0,0.0,0.0,0.0,1.0305151,-0.0164005,1.0304617,-120.0166248,1.0305182,119.984976,33.4669612,89.9835995,33.4652262,-30.0166248,33.4670576,-150.015024
CKT_114_16955,42981492,16.0,0.0,0.0,0.0,0.0,0.0,0.0,0.0,0.0,0.0,0.0,0.0,0.0,0.0,0.0,0.0,0.0,0.0,0.0,1.0305146,-0.0164642,1.0304601,-120.0166879,1.0305171,119.9849652,0.0,-0.0,0.0,180.0,0.0,0.0
CKT_114_16955,42981821,16.0,0.0,0.0,0.0,0.0,0.0,0.0,0.0,0.0,0.0,0.0,0.0,0.0,0.0,0.0,0.0,0.0,0.0,0.0,1.0304478,-0.0140789,1.0303922,-120.0142922,1.0304499,119.9874093,0.0,-0.0,0.0,180.0,0.0,0.0
CKT_114_16955,196783909,16.0,0.0,0.0,0.0,0.0,0.0,0.0,0.0,0.0,0.0,0.0,0.0,0.0,0.0,0.0,0.0,0.0,0.0,0.0,1.0305078,-0.0161783,,,1.0305117,119.9850315,0.0,-0.0,,,0.0,0.0
CKT_114_16955,196783952,16.0,0.0,0.0,0.0,0.0,0.0,0.0,0.0,0.0,0.0,0.0,0.0,0.0,0.0,0.0,0.0,0.0,0.0,0.0,1.0305077,-0.0161749,,,1.0305115,119.9850247,0.0,-0.0,,,0.0,0.0
CKT_114_16955,43020751,16.0,0.0,0.0,0.0,0.0,0.0,0.0,0.0,0.0,0.0,0.0,0.0,0.0,0.0,0.0,0.0,0.0,0.0,0.0,1.0305143,-0.0165066,1.030459,-120.0167301,1.0305164,119.9849597,0.0,-0.0,0.0,180.0,0.0,0.0
CKT_114_16955,42981517,16.0,0.0,0.0,0.0,0.0,0.0,0.0,0.0,0.0,0.0,0.0,0.0,0.0,0.0,0.0,0.0,0.0,0.0,0.0,0.0324373,179.0082048,1.0304579,-120.0167869,1.0305149,119.9849885,0.0,180.0,0.0,180.0,0.0,0.0
CKT_114_16955,42981592,16.0,0.0,0.0,0.0,0.0,0.0,0.0,0.0,0.0,0.0,0.0,0.0,0.0,0.0,0.0,0.0,0.0,0.0,0.0,1.0305075,-0.0161722,0.0322306,58.7574893,1.0305114,119.9850193,0.0,-0.0,0.0,-0.0,0.0,0.0
CKT_114_16955,42981617,16.0,0.0,0.0,0.0,0.0,0.0,0.0,0.0,0.0,0.0,0.0,0.0,0.0,0.0,0.0,0.0,0.0,0.0,0.0,1.0305062,-0.0161465,0.0319028,59.7394876,1.0305104,119.9849688,0.0,-0.0,0.0,-0.0,0.0,0.0
CKT_114_16955,42981642,16.0,0.0,0.0,0.0,0.0,0.0,0.0,0.0,0.0,0.0,0.0,0.0,0.0,0.0,0.0,0.0,0.0,0.0,0.0,1.0305128,-0.0165792,1.0304571,-120.0166932,0.0341157,-55.1940665,0.0,-0.0,0.0,180.0,0.0,-180.0
CKT_114_16955,42981442,16.0,0.0,0.0,0.0,0.0,0.0,0.0,0.0,0.0,0.0,0.0,0.0,0.0,0.0,0.0,0.0,0.0,0.0,0.0,0.0324405,-178.7233457,1.0304565,-120.0168496,1.0305133,119.9850203,0.0,180.0,0.0,180.0,0.0,0.0
CKT_114_16955,42981467,16.0,0.0,0.0,0.0,0.0,0.0,0.0,0.0,0.0,0.0,0.0,0.0,0.0,0.0,0.0,0.0,0.0,0.0,0.0,1.0305057,-0.0161377,0.0341459,61.9105753,1.03051,119.9849515,0.0,-0.0,0.0,-0.0,0.0,0.0
CKT_114_16955,42981567,16.0,0.0,0.0,0.0,0.0,0.0,0.0,0.0,0.0,0.0,0.0,0.0,0.0,0.0,0.0,0.0,0.0,0.0,0.0,1.0305073,-0.0161681,0.0356236,66.5985712,1.0305113,119.9850114,0.0,-0.0,0.0,-0.0,0.0,0.0
CKT_114_16955,43019728,16.0,0.0,0.0,0.0,0.0,0.0,0.0,0.0,0.0,0.0,0.0,0.0,0.0,0.0,0.0,0.0,0.0,0.0,0.0,1.0305119,-0.0166235,1.030456,-120.0166708,0.0326159,-63.9250444,0.0,-0.0,0.0,180.0,0.0,-180.0
CKT_114_16955,42981542,16.0,0.0,0.0,0.0,0.0,0.0,0.0,0.0,0.0,0.0,0.0,0.0,0.0,0.0,0.0,0.0,0.0,0.0,0.0,1.0305073,-0.0161681,0.0370162,62.0329732,1.0305113,119.9850114,0.0,-0.0,0.0,-0.0,0.0,0.0
CKT_114_16955,42981667,16.0,0.0,0.0,0.0,0.0,0.0,0.0,0.0,0.0,0.0,0.0,0.0,0.0,0.0,0.0,0.0,0.0,0.0,0.0,1.0305115,-0.0166403,1.0304556,-120.0166623,0.031625,-57.6876177,0.0,-0.0,0.0,180.0,0.0,-180.0
CKT_114_16955,42981417,16.0,0.0,0.0,0.0,0.0,0.0,0.0,0.0,0.0,0.0,0.0,0.0,0.0,0.0,0.0,0.0,0.0,0.0,0.0,1.0305073,-0.0161681,0.0325684,57.7910035,1.0305113,119.9850114,0.0,-0.0,0.0,-0.0,0.0,0.0
CKT_114_16955,42981370,16.0,0.0,0.0,0.0,0.0,0.0,0.0,0.0,0.0,0.0,0.0,0.0,0.0,0.0,0.0,0.0,0.0,0.0,0.0,1.0304491,-0.0140413,1.0303936,-120.0143332,1.03045,119.987402,0.0,-0.0,0.0,180.0,0.0,0.0
CKT_114_16955,42981694,16.0,0.0,0.0,0.0,0.0,0.0,0.0,0.0,0.0,0.0,0.0,0.0,0.0,0.0,0.0,0.0,0.0,0.0,0.0,1.0304587,-0.0144193,1.0304035,-120.0146794,1.0304603,119.9870241,0.0,-0.0,0.0,180.0,0.0,0.0
CKT_114_16955,43017952,16.0,0.0,0.0,0.0,0.0,0.0,0.0,0.0,0.0,0.0,0.0,0.0,0.0,0.0,0.0,0.0,0.0,0.0,0.0,1.0304695,-0.0147951,1.0304151,-120.0150523,1.0304715,119.9866109,0.0,-0.0,0.0,180.0,0.0,0.0
CKT_114_16955,43021268,16.0,0.0,0.0,0.0,0.0,0.0,0.0,0.0,0.0,0.0,0.0,0.0,0.0,0.0,0.0,0.0,0.0,0.0,0.0,1.0304814,-0.0152013,1.0304277,-120.015457,1.0304838,119.9861729,0.0,-0.0,0.0,180.0,0.0,0.0
CKT_114_16955,43019927,16.0,0.0,0.0,0.0,0.0,0.0,0.0,0.0,0.0,0.0,0.0,0.0,0.0,0.0,0.0,0.0,0.0,0.0,0.0,1.0304922,-0.0155552,1.0304388,-120.0158024,1.0304949,119.9858095,0.0,-0.0,0.0,180.0,0.0,0.0
CKT_114_16955,51229830,16.0,0.0,0.0,0.0,0.0,0.0,0.0,0.0,0.0,0.0,0.0,0.0,0.0,0.0,0.0,0.0,0.0,0.0,0.0,1.0304373,-0.0141809,1.0303796,-120.0139777,1.0304448,119.9876157,0.0,-0.0,0.0,180.0,0.0,0.0
CKT_114_16955,51245078,16.0,0.0,0.0,0.0,0.0,0.0,0.0,0.0,0.0,0.0,0.0,0.0,0.0,0.0,0.0,0.0,0.0,0.0,0.0,1.0304247,-0.0144353,1.0303722,-120.0134143,0.034659,-60.8072771,0.0,-0.0,0.0,180.0,0.0,-180.0
CKT_114_16955,51229724,16.0,0.0,0.0,0.0,0.0,0.0,0.0,0.0,0.0,0.0,0.0,0.0,0.0,0.0,0.0,0.0,0.0,0.0,0.0,1.0304226,-0.0144795,1.0303705,-120.0133364,0.0335437,-59.73729,0.0,-0.0,0.0,180.0,0.0,-180.0
CKT_114_16955,51229859,16.0,0.0,0.0,0.0,0.0,0.0,0.0,0.0,0.0,0.0,0.0,0.0,0.0,0.0,0.0,0.0,0.0,0.0,0.0,1.0304373,-0.0141809,1.0303796,-120.0139833,1.0304447,119.9876172,0.0,-0.0,0.0,180.0,0.0,0.0
CKT_114_16955,243721872,16.0,0.0,0.0,0.0,0.0,0.0,0.0,0.0,0.0,0.0,0.0,0.0,0.0,0.0,0.0,0.0,0.0,0.0,0.0,1.0304168,-0.0146034,1.0303656,-120.013118,0.031352,-57.3710572,0.0,-0.0,0.0,180.0,0.0,-180.0
CKT_114_16955,51229888,16.0,0.0,0.0,0.0,0.0,0.0,0.0,0.0,0.0,0.0,0.0,0.0,0.0,0.0,0.0,0.0,0.0,0.0,0.0,1.0304373,-0.0141809,1.0303796,-120.0139833,1.0304447,119.9876172,0.0,-0.0,0.0,180.0,0.0,0.0
CKT_114_16955,137947544,16.0,0.0,0.0,0.0,0.0,0.0,0.0,0.0,0.0,0.0,0.0,0.0,0.0,0.0,0.0,0.0,0.0,0.0,0.0,1.0304148,-0.0146453,1.030364,-120.0130438,0.0327154,-58.8871426,0.0,-0.0,0.0,180.0,0.0,-180.0
CKT_114_16955,51229917,16.0,0.0,0.0,0.0,0.0,0.0,0.0,0.0,0.0,0.0,0.0,0.0,0.0,0.0,0.0,0.0,0.0,0.0,0.0,1.0304373,-0.0141809,1.0303796,-120.0139833,1.0304447,119.9876172,0.0,-0.0,0.0,180.0,0.0,0.0
CKT_114_16955,51229749,16.0,0.0,0.0,0.0,0.0,0.0,0.0,0.0,0.0,0.0,0.0,0.0,0.0,0.0,0.0,0.0,0.0,0.0,0.0,1.0304127,-0.0146909,1.0303622,-120.0129629,0.0349087,-56.0936773,0.0,-0.0,0.0,180.0,0.0,-180.0
CKT_114_16955,51229946,16.0,0.0,0.0,0.0,0.0,0.0,0.0,0.0,0.0,0.0,0.0,0.0,0.0,0.0,0.0,0.0,0.0,0.0,0.0,1.0304373,-0.0141809,1.0303796,-120.0139833,1.0304447,119.9876172,0.0,-0.0,0.0,180.0,0.0,0.0
CKT_114_16955,51230440,16.0,0.0,0.0,0.0,0.0,0.0,0.0,0.0,0.0,0.0,0.0,0.0,0.0,0.0,0.0,0.0,0.0,0.0,0.0,1.0304373,-0.0141809,1.0303796,-120.0139833,1.0304447,119.9876172,0.0,-0.0,0.0,180.0,0.0,0.0
CKT_114_16955,-77777751230440,16.0,0.0,0.0,0.0,0.0,0.0,0.0,0.0,0.0,0.0,0.0,0.0,0.0,0.0,0.0,0.0,0.0,0.0,0.0,1.0304373,-0.0141809,1.0303796,-120.0139833,1.0304447,119.9876172,0.0,-0.0,0.0,180.0,0.0,0.0
CKT_114_16955,-77777743020751,16.0,0.0,0.0,0.0,0.0,0.0,0.0,0.0,0.0,0.0,0.0,0.0,0.0,0.0,0.0,0.0,0.0,0.0,0.0,1.0305143,-0.0165066,1.030459,-120.0167301,1.0305164,119.9849597,0.0,-0.0,0.0,180.0,0.0,0.0
CKT_114_16955,-77777742981667,16.0,0.0,0.0,0.0,0.0,0.0,0.0,0.0,0.0,0.0,0.0,0.0,0.0,0.0,0.0,0.0,0.0,0.0,0.0,1.0305115,-0.0166403,1.0304556,-120.0166623,,,0.0,-0.0,0.0,180.0,,
CKT_114_16955,43018475,16.0,0.0,0.0,0.0,0.0,0.0,0.0,0.0,0.0,0.0,0.0,0.0,0.0,0.0,0.0,0.0,0.0,0.0,0.0,1.0304426,-0.0137093,,,1.030439,119.9873608,0.0,-0.0,,,0.0,0.0
CKT_114_16955,-77777743018475,16.0,0.0,0.0,0.0,0.0,0.0,0.0,0.0,0.0,0.0,0.0,0.0,0.0,0.0,0.0,0.0,0.0,0.0,0.0,1.0304426,-0.0137093,,,1.030439,119.9873608,0.0,-0.0,,,0.0,0.0
CKT_114_16955,42999780,16.0,0.0,0.0,0.0,0.0,0.0,0.0,0.0,0.0,0.0,0.0,0.0,0.0,0.0,0.0,0.0,0.0,0.0,0.0,1.0304423,-0.0136974,,,1.0304387,119.9873516,0.0,-0.0,,,0.0,0.0
CKT_114_16955,-77777742999780,16.0,0.0,0.0,0.0,0.0,0.0,0.0,0.0,0.0,0.0,0.0,0.0,0.0,0.0,0.0,0.0,0.0,0.0,0.0,1.0304423,-0.0136974,,,1.0304387,119.9873516,0.0,-0.0,,,0.0,0.0
CKT_114_16955,55295277,16.0,0.0,0.0,0.0,0.0,0.0,0.0,0.0,0.0,0.0,0.0,0.0,0.0,0.0,0.0,0.0,0.0,0.0,0.0,1.030051,-0.0028733,1.0300418,-120.0029639,1.0300486,119.9973148,0.0,-0.0,0.0,180.0,0.0,0.0
CKT_114_16955,55295271,16.0,0.0,0.0,0.0,0.0,0.0,0.0,0.0,0.0,0.0,0.0,0.0,0.0,0.0,0.0,0.0,0.0,0.0,0.0,1.030051,-0.0028733,1.0300418,-120.0029639,1.0300486,119.9973148,0.0,-0.0,0.0,180.0,0.0,0.0
CKT_114_16955,55295283,16.0,0.0,0.0,0.0,0.0,0.0,0.0,0.0,0.0,0.0,0.0,0.0,0.0,0.0,0.0,0.0,0.0,0.0,0.0,1.030051,-0.0028749,1.0300418,-120.0029655,1.0300486,119.9973133,0.0,-0.0,0.0,180.0,0.0,0.0
CKT_114_16955,55295270,16.0,0.0,0.0,0.0,0.0,0.0,0.0,0.0,0.0,0.0,0.0,0.0,0.0,0.0,0.0,0.0,0.0,0.0,0.0,1.030051,-0.0028733,1.0300418,-120.0029639,1.0300486,119.9973148,0.0,-0.0,0.0,180.0,0.0,0.0
CKT_114_16955,55295590,16.0,0.0,0.0,0.0,0.0,0.0,0.0,0.0,0.0,0.0,0.0,0.0,0.0,0.0,0.0,0.0,0.0,0.0,0.0,1.0304486,-0.014008,1.0303932,-120.0143012,1.0304496,119.9874352,0.0,-0.0,0.0,180.0,0.0,0.0
CKT_114_16955,55295584,16.0,0.0,0.0,0.0,0.0,0.0,0.0,0.0,0.0,0.0,0.0,0.0,0.0,0.0,0.0,0.0,0.0,0.0,0.0,1.0304487,-0.014009,1.0303932,-120.0143022,1.0304496,119.9874342,0.0,-0.0,0.0,180.0,0.0,0.0
CKT_114_16955,55295583,16.0,0.0,0.0,0.0,0.0,0.0,0.0,0.0,0.0,0.0,0.0,0.0,0.0,0.0,0.0,0.0,0.0,0.0,0.0,1.0304487,-0.01401,1.0303932,-120.0143031,1.0304496,119.9874332,0.0,-0.0,0.0,180.0,0.0,0.0
CKT_114_16955,55345874,16.0,0.0,0.0,0.0,0.0,0.0,0.0,0.0,0.0,0.0,0.0,0.0,0.0,0.0,0.0,0.0,0.0,0.0,0.0,1.0304472,-0.0139864,1.0303918,-120.0142796,1.0304481,119.9874568,0.0,-0.0,0.0,180.0,0.0,0.0
CKT_114_16955,55295723,16.0,0.0,0.0,0.0,0.0,0.0,0.0,0.0,0.0,0.0,0.0,0.0,0.0,0.0,0.0,0.0,0.0,0.0,0.0,1.0304487,-0.0140136,1.0303932,-120.0143064,1.0304496,119.9874298,0.0,-0.0,0.0,180.0,0.0,0.0
CKT_114_16955,55295724,16.0,0.0,0.0,0.0,0.0,0.0,0.0,0.0,0.0,0.0,0.0,0.0,0.0,0.0,0.0,0.0,0.0,0.0,0.0,1.0304487,-0.0140146,1.0303932,-120.0143073,1.0304496,119.9874289,0.0,-0.0,0.0,180.0,0.0,0.0
CKT_114_16955,55295730,16.0,0.0,0.0,0.0,0.0,0.0,0.0,0.0,0.0,0.0,0.0,0.0,0.0,0.0,0.0,0.0,0.0,0.0,0.0,1.0304487,-0.0140155,1.0303933,-120.0143083,1.0304496,119.9874279,0.0,-0.0,0.0,180.0,0.0,0.0
CKT_114_16955,55319600,16.0,0.0,0.0,0.0,0.0,0.0,0.0,0.0,0.0,0.0,0.0,0.0,0.0,0.0,0.0,0.0,0.0,0.0,0.0,1.0300513,-0.0029011,1.0300415,-120.0030232,1.0300481,119.9972991,0.0,-0.0,0.0,180.0,0.0,0.0
CKT_114_16955,55319601,16.0,0.0,0.0,0.0,0.0,0.0,0.0,0.0,0.0,0.0,0.0,0.0,0.0,0.0,0.0,0.0,0.0,0.0,0.0,1.0300513,-0.0029011,1.0300415,-120.0030232,1.0300481,119.9972991,0.0,-0.0,0.0,180.0,0.0,0.0
CKT_114_16955,55295558,16.0,0.0,0.0,0.0,0.0,0.0,0.0,0.0,0.0,0.0,0.0,0.0,0.0,0.0,0.0,0.0,0.0,0.0,0.0,1.0300513,-0.0029011,1.0300413,-120.0030315,1.0300479,119.9973018,0.0,-0.0,0.0,180.0,0.0,0.0
CKT_114_16955,55295559,16.0,0.0,0.0,0.0,0.0,0.0,0.0,0.0,0.0,0.0,0.0,0.0,0.0,0.0,0.0,0.0,0.0,0.0,0.0,1.0300513,-0.0029011,1.0300413,-120.0030316,1.0300479,119.9973018,0.0,-0.0,0.0,180.0,0.0,0.0
CKT_114_16955,55295533,16.0,0.0,0.0,0.0,0.0,0.0,0.0,0.0,0.0,0.0,0.0,0.0,0.0,0.0,0.0,0.0,0.0,0.0,0.0,0.029087,179.811352,1.0300381,-120.0031864,1.0300439,119.9973805,0.0,180.0,0.0,180.0,0.0,0.0
CKT_114_16955,55295534,16.0,0.0,0.0,0.0,0.0,0.0,0.0,0.0,0.0,0.0,0.0,0.0,0.0,0.0,0.0,0.0,0.0,0.0,0.0,,,1.0300381,-120.0031864,1.0300439,119.9973805,,,0.0,180.0,0.0,0.0
CKT_114_16955,55295508,16.0,0.0,0.0,0.0,0.0,0.0,0.0,0.0,0.0,0.0,0.0,0.0,0.0,0.0,0.0,0.0,0.0,0.0,0.0,0.0329397,179.8334167,1.030037,-120.0032373,1.0300425,119.9974063,0.0,180.0,0.0,180.0,0.0,0.0
CKT_114_16955,55295509,16.0,0.0,0.0,0.0,0.0,0.0,0.0,0.0,0.0,0.0,0.0,0.0,0.0,0.0,0.0,0.0,0.0,0.0,0.0,,,1.030037,-120.0032373,1.0300425,119.9974063,,,0.0,180.0,0.0,0.0
CKT_114_16955,55295483,16.0,0.0,0.0,0.0,0.0,0.0,0.0,0.0,0.0,0.0,0.0,0.0,0.0,0.0,0.0,0.0,0.0,0.0,0.0,0.0316555,179.8266585,1.030036,-120.0032843,1.0300413,119.9974301,0.0,180.0,0.0,180.0,0.0,0.0
CKT_114_16955,55295484,16.0,0.0,0.0,0.0,0.0,0.0,0.0,0.0,0.0,0.0,0.0,0.0,0.0,0.0,0.0,0.0,0.0,0.0,0.0,,,1.030036,-120.0032844,1.0300413,119.9974301,,,0.0,180.0,0.0,0.0
CKT_114_16955,58629604,16.0,0.0,0.0,0.0,0.0,0.0,0.0,0.0,0.0,0.0,0.0,0.0,0.0,0.0,0.0,0.0,0.0,0.0,0.0,1.0304609,-0.0138994,1.0304077,-120.0142006,1.0304598,119.9875189,0.0,-0.0,0.0,180.0,0.0,0.0
CKT_114_16955,58629605,16.0,0.0,0.0,0.0,0.0,0.0,0.0,0.0,0.0,0.0,0.0,0.0,0.0,0.0,0.0,0.0,0.0,0.0,0.0,1.0304609,-0.0138994,1.0304077,-120.0142006,1.0304598,119.9875189,0.0,-0.0,0.0,180.0,0.0,0.0
CKT_114_16955,58606782,16.0,0.0,0.0,0.0,0.0,0.0,0.0,0.0,0.0,0.0,0.0,0.0,0.0,0.0,0.0,0.0,0.0,0.0,0.0,1.0305056,-0.0147683,1.0304505,-120.0150329,1.0305041,119.9867605,0.0,-0.0,0.0,180.0,0.0,0.0
CKT_114_16955,58606783,16.0,0.0,0.0,0.0,0.0,0.0,0.0,0.0,0.0,0.0,0.0,0.0,0.0,0.0,0.0,0.0,0.0,0.0,0.0,1.0305056,-0.0147683,1.0304505,-120.0150329,1.0305041,119.9867605,0.0,-0.0,0.0,180.0,0.0,0.0
CKT_114_16955,58606811,16.0,0.0,0.0,0.0,0.0,0.0,0.0,0.0,0.0,0.0,0.0,0.0,0.0,0.0,0.0,0.0,0.0,0.0,0.0,1.0305536,-0.0156684,1.0304957,-120.0158788,1.0305516,119.9860237,0.0,-0.0,0.0,180.0,0.0,0.0
CKT_114_16955,58606812,16.0,0.0,0.0,0.0,0.0,0.0,0.0,0.0,0.0,0.0,0.0,0.0,0.0,0.0,0.0,0.0,0.0,0.0,0.0,1.0305536,-0.0156684,1.0304957,-120.0158788,1.0305516,119.9860237,0.0,-0.0,0.0,180.0,0.0,0.0
CKT_114_16955,58629579,16.0,0.0,0.0,0.0,0.0,0.0,0.0,0.0,0.0,0.0,0.0,0.0,0.0,0.0,0.0,0.0,0.0,0.0,0.0,1.0305387,-0.0154011,1.0304818,-120.0156451,1.0305366,119.9862293,0.0,-0.0,0.0,180.0,0.0,0.0
CKT_114_16955,58629580,16.0,0.0,0.0,0.0,0.0,0.0,0.0,0.0,0.0,0.0,0.0,0.0,0.0,0.0,0.0,0.0,0.0,0.0,0.0,1.0305387,-0.0154011,1.0304818,-120.0156451,1.0305366,119.9862293,0.0,-0.0,0.0,180.0,0.0,0.0
CKT_114_16955,58629525,16.0,0.0,0.0,0.0,0.0,0.0,0.0,0.0,0.0,0.0,0.0,0.0,0.0,0.0,0.0,0.0,0.0,0.0,0.0,1.0305757,-0.016031,1.0305172,-120.0162111,1.0305738,119.9857052,0.0,-0.0,0.0,180.0,0.0,0.0
CKT_114_16955,58629526,16.0,0.0,0.0,0.0,0.0,0.0,0.0,0.0,0.0,0.0,0.0,0.0,0.0,0.0,0.0,0.0,0.0,0.0,0.0,1.0305757,-0.016031,1.0305172,-120.0162111,1.0305738,119.9857052,0.0,-0.0,0.0,180.0,0.0,0.0
CKT_114_16955,58629554,16.0,0.0,0.0,0.0,0.0,0.0,0.0,0.0,0.0,0.0,0.0,0.0,0.0,0.0,0.0,0.0,0.0,0.0,0.0,1.0305387,-0.0154027,1.0304818,-120.0156451,1.0305366,119.9862252,0.0,-0.0,0.0,180.0,0.0,0.0
CKT_114_16955,58629555,16.0,0.0,0.0,0.0,0.0,0.0,0.0,0.0,0.0,0.0,0.0,0.0,0.0,0.0,0.0,0.0,0.0,0.0,0.0,1.0305387,-0.0154027,1.0304818,-120.0156451,1.0305366,119.9862252,0.0,-0.0,0.0,180.0,0.0,0.0
CKT_114_16955,299261578,16.0,0.0,0.0,0.0,0.0,0.0,0.0,0.0,0.0,0.0,0.0,0.0,0.0,0.0,0.0,0.0,0.0,0.0,0.0,0.0325253,179.0393895,1.0305078,-120.0165631,1.0305614,119.985505,0.0,180.0,0.0,180.0,0.0,0.0
CKT_114_16955,299261579,16.0,0.0,0.0,0.0,0.0,0.0,0.0,0.0,0.0,0.0,0.0,0.0,0.0,0.0,0.0,0.0,0.0,0.0,0.0,,,1.0305078,-120.0165631,1.0305614,119.985505,,,0.0,180.0,0.0,0.0
CKT_114_16955,54028392,16.0,0.0,0.0,0.0,0.0,0.0,0.0,0.0,0.0,0.0,0.0,0.0,0.0,0.0,0.0,0.0,0.0,0.0,0.0,1.0305531,-0.0159579,1.0304942,-120.0161024,0.0324444,-58.5961622,0.0,-0.0,0.0,180.0,0.0,-180.0
CKT_114_16955,54029923,16.0,0.0,0.0,0.0,0.0,0.0,0.0,0.0,0.0,0.0,0.0,0.0,0.0,0.0,0.0,0.0,0.0,0.0,0.0,1.0305532,-0.0159547,1.0304943,-120.0161046,0.0327189,-58.88912,0.0,-0.0,0.0,180.0,0.0,-180.0
CKT_114_16955,54028317,16.0,0.0,0.0,0.0,0.0,0.0,0.0,0.0,0.0,0.0,0.0,0.0,0.0,0.0,0.0,0.0,0.0,0.0,0.0,1.030553,-0.0159679,1.030494,-120.0161021,0.0338249,-60.0131926,0.0,-0.0,0.0,180.0,0.0,-180.0
CKT_114_16955,210943357,16.0,0.0,0.0,0.0,0.0,0.0,0.0,0.0,0.0,0.0,0.0,0.0,0.0,0.0,0.0,0.0,0.0,0.0,0.0,0.0,0.0,0.0,0.0,0.0,0.0,,,,,,
CKT_114_16955,-777777210943357,16.0,0.0,0.0,0.0,0.0,0.0,0.0,0.0,0.0,0.0,0.0,0.0,0.0,0.0,0.0,0.0,0.0,0.0,0.0,0.0,0.0,0.0,0.0,0.0,0.0,,,,,,
CKT_114_16955,55295736,16.0,0.0,0.0,0.0,0.0,0.0,0.0,0.0,0.0,0.0,0.0,0.0,0.0,0.0,0.0,0.0,0.0,0.0,0.0,1.0304487,-0.0140165,1.0303933,-120.0143092,1.0304497,119.987427,0.0,-0.0,0.0,180.0,0.0,0.0
CKT_114_16955,42998382,16.0,0.0,0.0,0.0,0.0,0.0,0.0,0.0,0.0,0.0,0.0,0.0,0.0,0.0,0.0,0.0,0.0,0.0,0.0,1.0304489,-0.0140282,1.0303934,-120.0143207,1.0304498,119.9874151,0.0,-0.0,0.0,180.0,0.0,0.0
CKT_114_16955,42998381,16.0,0.0,0.0,0.0,0.0,0.0,0.0,0.0,0.0,0.0,0.0,0.0,0.0,0.0,0.0,0.0,0.0,0.0,0.0,1.0304489,-0.0140292,1.0303934,-120.0143215,1.0304498,119.9874142,0.0,-0.0,0.0,180.0,0.0,0.0
CKT_114_16955,55316504,16.0,0.0,0.0,0.0,0.0,0.0,0.0,0.0,0.0,0.0,0.0,0.0,0.0,0.0,0.0,0.0,0.0,0.0,0.0,1.0304491,-0.0140445,1.0303936,-120.0143365,1.0304501,119.9873987,0.0,-0.0,0.0,180.0,0.0,0.0
CKT_114_16955,55316510,16.0,0.0,0.0,0.0,0.0,0.0,0.0,0.0,0.0,0.0,0.0,0.0,0.0,0.0,0.0,0.0,0.0,0.0,0.0,1.0304491,-0.0140445,1.0303936,-120.0143365,1.0304501,119.9873987,0.0,-0.0,0.0,180.0,0.0,0.0
CKT_114_16955,55316516,16.0,0.0,0.0,0.0,0.0,0.0,0.0,0.0,0.0,0.0,0.0,0.0,0.0,0.0,0.0,0.0,0.0,0.0,0.0,1.0304491,-0.0140445,1.0303936,-120.0143365,1.0304501,119.9873987,0.0,-0.0,0.0,180.0,0.0,0.0
CKT_114_16955,174738651,16.0,0.0,0.0,0.0,0.0,0.0,0.0,0.0,0.0,0.0,0.0,0.0,0.0,0.0,0.0,0.0,0.0,0.0,0.0,1.0304489,-0.0140333,1.0303934,-120.0143254,1.0304499,119.9874102,0.0,-0.0,0.0,180.0,0.0,0.0
CKT_114_16955,174738652,16.0,0.0,0.0,0.0,0.0,0.0,0.0,0.0,0.0,0.0,0.0,0.0,0.0,0.0,0.0,0.0,0.0,0.0,0.0,1.030449,-0.0140342,1.0303935,-120.0143262,1.0304499,119.9874093,0.0,-0.0,0.0,180.0,0.0,0.0
CKT_114_16955,174738658,16.0,0.0,0.0,0.0,0.0,0.0,0.0,0.0,0.0,0.0,0.0,0.0,0.0,0.0,0.0,0.0,0.0,0.0,0.0,1.030449,-0.0140351,1.0303935,-120.0143271,1.0304499,119.9874083,0.0,-0.0,0.0,180.0,0.0,0.0
CKT_114_16955,174738664,16.0,0.0,0.0,0.0,0.0,0.0,0.0,0.0,0.0,0.0,0.0,0.0,0.0,0.0,0.0,0.0,0.0,0.0,0.0,1.030449,-0.014036,1.0303935,-120.014328,1.0304499,119.9874074,0.0,-0.0,0.0,180.0,0.0,0.0
CKT_114_16955,174139514,16.0,0.0,0.0,0.0,0.0,0.0,0.0,0.0,0.0,0.0,0.0,0.0,0.0,0.0,0.0,0.0,0.0,0.0,0.0,1.030449,-0.0140391,1.0303935,-120.014331,1.03045,119.9874043,0.0,-0.0,0.0,180.0,0.0,0.0
CKT_114_16955,174139508,16.0,0.0,0.0,0.0,0.0,0.0,0.0,0.0,0.0,0.0,0.0,0.0,0.0,0.0,0.0,0.0,0.0,0.0,0.0,1.030449,-0.01404,1.0303935,-120.0143319,1.03045,119.9874034,0.0,-0.0,0.0,180.0,0.0,0.0
CKT_114_16955,174139520,16.0,0.0,0.0,0.0,0.0,0.0,0.0,0.0,0.0,0.0,0.0,0.0,0.0,0.0,0.0,0.0,0.0,0.0,0.0,1.030449,-0.0140391,1.0303935,-120.014331,1.03045,119.9874043,0.0,-0.0,0.0,180.0,0.0,0.0
CKT_114_16955,174139507,16.0,0.0,0.0,0.0,0.0,0.0,0.0,0.0,0.0,0.0,0.0,0.0,0.0,0.0,0.0,0.0,0.0,0.0,0.0,1.0304491,-0.0140404,1.0303936,-120.0143323,1.03045,119.9874029,0.0,-0.0,0.0,180.0,0.0,0.0
CKT_114_16955,173020005,16.0,0.0,0.0,0.0,0.0,0.0,0.0,0.0,0.0,0.0,0.0,0.0,0.0,0.0,0.0,0.0,0.0,0.0,0.0,1.0304492,-0.0140491,1.0303937,-120.0143411,1.0304501,119.9873941,0.0,-0.0,0.0,180.0,0.0,0.0
CKT_114_16955,173019999,16.0,0.0,0.0,0.0,0.0,0.0,0.0,0.0,0.0,0.0,0.0,0.0,0.0,0.0,0.0,0.0,0.0,0.0,0.0,1.0304492,-0.0140495,1.0303937,-120.0143415,1.0304501,119.9873937,0.0,-0.0,0.0,180.0,0.0,0.0
CKT_114_16955,173019998,16.0,0.0,0.0,0.0,0.0,0.0,0.0,0.0,0.0,0.0,0.0,0.0,0.0,0.0,0.0,0.0,0.0,0.0,0.0,1.0304492,-0.0140495,1.0303937,-120.0143415,1.0304501,119.9873937,0.0,-0.0,0.0,180.0,0.0,0.0
CKT_114_16955,174139664,16.0,0.0,0.0,0.0,0.0,0.0,0.0,0.0,0.0,0.0,0.0,0.0,0.0,0.0,0.0,0.0,0.0,0.0,0.0,1.030449,-0.0140391,1.0303935,-120.0143311,1.03045,119.9874043,0.0,-0.0,0.0,180.0,0.0,0.0
CKT_114_16955,174139656,16.0,0.0,0.0,0.0,0.0,0.0,0.0,0.0,0.0,0.0,0.0,0.0,0.0,0.0,0.0,0.0,0.0,0.0,0.0,1.030449,-0.0140391,1.0303935,-120.0143311,1.03045,119.9874043,0.0,-0.0,0.0,180.0,0.0,0.0
CKT_114_16955,174139672,16.0,0.0,0.0,0.0,0.0,0.0,0.0,0.0,0.0,0.0,0.0,0.0,0.0,0.0,0.0,0.0,0.0,0.0,0.0,1.030449,-0.0140391,1.0303935,-120.0143311,1.03045,119.9874043,0.0,-0.0,0.0,180.0,0.0,0.0
CKT_114_16955,174139648,16.0,0.0,0.0,0.0,0.0,0.0,0.0,0.0,0.0,0.0,0.0,0.0,0.0,0.0,0.0,0.0,0.0,0.0,0.0,1.030449,-0.0140391,1.0303935,-120.0143311,1.03045,119.9874043,0.0,-0.0,0.0,180.0,0.0,0.0
CKT_114_16955,55316503,16.0,0.0,0.0,0.0,0.0,0.0,0.0,0.0,0.0,0.0,0.0,0.0,0.0,0.0,0.0,0.0,0.0,0.0,0.0,1.0304491,-0.0140441,1.0303936,-120.0143361,1.03045,119.9873991,0.0,-0.0,0.0,180.0,0.0,0.0
CKT_114_16955,55295919,16.0,0.0,0.0,0.0,0.0,0.0,0.0,0.0,0.0,0.0,0.0,0.0,0.0,0.0,0.0,0.0,0.0,0.0,0.0,1.0304488,-0.01402,1.0303933,-120.0143126,1.0304497,119.9874234,0.0,-0.0,0.0,180.0,0.0,0.0
CKT_114_16955,55295913,16.0,0.0,0.0,0.0,0.0,0.0,0.0,0.0,0.0,0.0,0.0,0.0,0.0,0.0,0.0,0.0,0.0,0.0,0.0,1.0304488,-0.014021,1.0303933,-120.0143136,1.0304497,119.9874224,0.0,-0.0,0.0,180.0,0.0,0.0
CKT_114_16955,55295907,16.0,0.0,0.0,0.0,0.0,0.0,0.0,0.0,0.0,0.0,0.0,0.0,0.0,0.0,0.0,0.0,0.0,0.0,0.0,1.0304488,-0.0140219,1.0303933,-120.0143145,1.0304497,119.9874215,0.0,-0.0,0.0,180.0,0.0,0.0
CKT_114_16955,55295906,16.0,0.0,0.0,0.0,0.0,0.0,0.0,0.0,0.0,0.0,0.0,0.0,0.0,0.0,0.0,0.0,0.0,0.0,0.0,1.0304488,-0.0140229,1.0303933,-120.0143154,1.0304497,119.9874205,0.0,-0.0,0.0,180.0,0.0,0.0
CKT_114_16955,177282933,16.0,0.0,0.0,0.0,0.0,0.0,0.0,0.0,0.0,0.0,0.0,0.0,0.0,0.0,0.0,0.0,0.0,0.0,0.0,1.0304492,-0.0140495,1.0303937,-120.0143415,1.0304501,119.9873937,0.0,-0.0,0.0,180.0,0.0,0.0
CKT_114_16955,177282932,16.0,0.0,0.0,0.0,0.0,0.0,0.0,0.0,0.0,0.0,0.0,0.0,0.0,0.0,0.0,0.0,0.0,0.0,0.0,1.0304492,-0.0140495,1.0303937,-120.0143415,1.0304501,119.9873937,0.0,-0.0,0.0,180.0,0.0,0.0
CKT_114_16955,177282939,16.0,0.0,0.0,0.0,0.0,0.0,0.0,0.0,0.0,0.0,0.0,0.0,0.0,0.0,0.0,0.0,0.0,0.0,0.0,1.0304492,-0.0140495,1.0303937,-120.0143415,1.0304501,119.9873937,0.0,-0.0,0.0,180.0,0.0,0.0
CKT_114_16955,177282945,16.0,0.0,0.0,0.0,0.0,0.0,0.0,0.0,0.0,0.0,0.0,0.0,0.0,0.0,0.0,0.0,0.0,0.0,0.0,1.0304492,-0.0140495,1.0303937,-120.0143415,1.0304501,119.9873937,0.0,-0.0,0.0,180.0,0.0,0.0
CKT_114_16955,42998388,16.0,0.0,0.0,0.0,0.0,0.0,0.0,0.0,0.0,0.0,0.0,0.0,0.0,0.0,0.0,0.0,0.0,0.0,0.0,1.0304489,-0.0140273,1.0303934,-120.0143197,1.0304498,119.9874161,0.0,-0.0,0.0,180.0,0.0,0.0
CKT_114_16955,42998394,16.0,0.0,0.0,0.0,0.0,0.0,0.0,0.0,0.0,0.0,0.0,0.0,0.0,0.0,0.0,0.0,0.0,0.0,0.0,1.0304489,-0.0140273,1.0303934,-120.0143197,1.0304498,119.9874161,0.0,-0.0,0.0,180.0,0.0,0.0
CKT_114_16955,54028393,16.0,0.0,0.0,0.0,0.0,0.0,0.0,0.0,0.0,0.0,0.0,0.0,0.0,0.0,0.0,0.0,0.0,0.0,0.0,1.0305531,-0.0159579,1.0304942,-120.0161024,,,0.0,-0.0,0.0,180.0,,
CKT_114_16955,54029924,16.0,0.0,0.0,0.0,0.0,0.0,0.0,0.0,0.0,0.0,0.0,0.0,0.0,0.0,0.0,0.0,0.0,0.0,0.0,1.0305532,-0.0159547,1.0304943,-120.0161046,,,0.0,-0.0,0.0,180.0,,
CKT_114_16955,54028318,16.0,0.0,0.0,0.0,0.0,0.0,0.0,0.0,0.0,0.0,0.0,0.0,0.0,0.0,0.0,0.0,0.0,0.0,0.0,1.030553,-0.0159679,1.030494,-120.0161021,,,0.0,-0.0,0.0,180.0,,
CKT_114_16955,54030048,16.0,0.0,0.0,0.0,0.0,0.0,0.0,0.0,0.0,0.0,0.0,0.0,0.0,0.0,0.0,0.0,0.0,0.0,0.0,1.0305523,-0.0160069,1.030493,-120.0160865,0.0338249,-60.0131926,0.0,-0.0,0.0,180.0,0.0,-180.0
CKT_114_16955,54030049,16.0,0.0,0.0,0.0,0.0,0.0,0.0,0.0,0.0,0.0,0.0,0.0,0.0,0.0,0.0,0.0,0.0,0.0,0.0,1.0305523,-0.0160069,1.030493,-120.0160865,,,0.0,-0.0,0.0,180.0,,
CKT_114_16955,51229928,16.0,0.0,0.0,0.0,0.0,0.0,0.0,0.0,0.0,0.0,0.0,0.0,0.0,0.0,0.0,0.0,0.0,0.0,0.0,1.0304373,-0.0141809,1.0303796,-120.0139833,1.0304447,119.9876172,0.0,-0.0,0.0,180.0,0.0,0.0
CKT_114_16955,51229929,16.0,0.0,0.0,0.0,0.0,0.0,0.0,0.0,0.0,0.0,0.0,0.0,0.0,0.0,0.0,0.0,0.0,0.0,0.0,1.0304373,-0.0141809,1.0303796,-120.0139833,1.0304447,119.9876172,0.0,-0.0,0.0,180.0,0.0,0.0
CKT_114_16955,54028417,16.0,0.0,0.0,0.0,0.0,0.0,0.0,0.0,0.0,0.0,0.0,0.0,0.0,0.0,0.0,0.0,0.0,0.0,0.0,1.0305514,-0.0160558,1.0304918,-120.0160706,0.0324444,-58.5961622,0.0,-0.0,0.0,180.0,0.0,-180.0
CKT_114_16955,54028418,16.0,0.0,0.0,0.0,0.0,0.0,0.0,0.0,0.0,0.0,0.0,0.0,0.0,0.0,0.0,0.0,0.0,0.0,0.0,1.0305514,-0.0160558,1.0304918,-120.0160706,,,0.0,-0.0,0.0,180.0,,
CKT_114_16955,206573410,16.0,0.0,0.0,0.0,0.0,0.0,0.0,0.0,0.0,0.0,0.0,0.0,0.0,0.0,0.0,0.0,0.0,0.0,0.0,1.0305513,-0.0160634,1.0304916,-120.0160681,0.0327189,-58.88912,0.0,-0.0,0.0,180.0,0.0,-180.0
CKT_114_16955,206573411,16.0,0.0,0.0,0.0,0.0,0.0,0.0,0.0,0.0,0.0,0.0,0.0,0.0,0.0,0.0,0.0,0.0,0.0,0.0,1.0305513,-0.0160635,1.0304916,-120.0160681,,,0.0,-0.0,0.0,180.0,,
CKT_114_16955,54028342,16.0,0.0,0.0,0.0,0.0,0.0,0.0,0.0,0.0,0.0,0.0,0.0,0.0,0.0,0.0,0.0,0.0,0.0,0.0,0.0338094,179.0758762,1.0305076,-120.0165768,1.0305611,119.9855095,0.0,180.0,0.0,180.0,0.0,0.0
CKT_114_16955,54028343,16.0,0.0,0.0,0.0,0.0,0.0,0.0,0.0,0.0,0.0,0.0,0.0,0.0,0.0,0.0,0.0,0.0,0.0,0.0,,,1.0305076,-120.0165768,1.0305611,119.9855095,,,0.0,180.0,0.0,0.0
CKT_114_16955,54028442,16.0,0.0,0.0,0.0,0.0,0.0,0.0,0.0,0.0,0.0,0.0,0.0,0.0,0.0,0.0,0.0,0.0,0.0,0.0,0.0300081,176.5046376,1.030507,-120.0166114,1.0305602,119.9855203,0.0,180.0,0.0,180.0,0.0,0.0
CKT_114_16955,54028443,16.0,0.0,0.0,0.0,0.0,0.0,0.0,0.0,0.0,0.0,0.0,0.0,0.0,0.0,0.0,0.0,0.0,0.0,0.0,,,1.030507,-120.0166114,1.0305602,119.9855203,,,0.0,180.0,0.0,0.0
CKT_114_16955,42981705,16.0,0.0,0.0,0.0,0.0,0.0,0.0,0.0,0.0,0.0,0.0,0.0,0.0,0.0,0.0,0.0,0.0,0.0,0.0,1.0304814,-0.0152011,1.0304277,-120.0154572,1.0304838,119.9861726,0.0,-0.0,0.0,180.0,0.0,0.0
CKT_114_16955,42981706,16.0,0.0,0.0,0.0,0.0,0.0,0.0,0.0,0.0,0.0,0.0,0.0,0.0,0.0,0.0,0.0,0.0,0.0,0.0,1.0304814,-0.0152011,1.0304277,-120.0154572,1.0304838,119.9861726,0.0,-0.0,0.0,180.0,0.0,0.0
CKT_114_16955,51229758,16.0,0.0,0.0,0.0,0.0,0.0,0.0,0.0,0.0,0.0,0.0,0.0,0.0,0.0,0.0,0.0,0.0,0.0,0.0,1.0304081,-0.0147843,1.0303585,-120.0127916,0.0311797,-62.6258286,0.0,-0.0,0.0,180.0,0.0,-180.0
CKT_114_16955,51229759,16.0,0.0,0.0,0.0,0.0,0.0,0.0,0.0,0.0,0.0,0.0,0.0,0.0,0.0,0.0,0.0,0.0,0.0,0.0,1.0304081,-0.0147843,1.0303585,-120.0127916,,,0.0,-0.0,0.0,180.0,,
CKT_114_16955,51230422,16.0,0.0,0.0,0.0,0.0,0.0,0.0,0.0,0.0,0.0,0.0,0.0,0.0,0.0,0.0,0.0,0.0,0.0,0.0,1.0304373,-0.0141809,1.0303796,-120.0139833,1.0304447,119.9876172,0.0,-0.0,0.0,180.0,0.0,0.0
CKT_114_16955,51230423,16.0,0.0,0.0,0.0,0.0,0.0,0.0,0.0,0.0,0.0,0.0,0.0,0.0,0.0,0.0,0.0,0.0,0.0,0.0,1.0304373,-0.0141809,1.0303796,-120.0139833,1.0304447,119.9876172,0.0,-0.0,0.0,180.0,0.0,0.0
CKT_114_16955,51244658,16.0,0.0,0.0,0.0,0.0,0.0,0.0,0.0,0.0,0.0,0.0,0.0,0.0,0.0,0.0,0.0,0.0,0.0,0.0,1.0304038,-0.0148733,1.0303549,-120.0126284,0.0349087,-56.0936774,0.0,-0.0,0.0,180.0,0.0,-180.0
CKT_114_16955,51244659,16.0,0.0,0.0,0.0,0.0,0.0,0.0,0.0,0.0,0.0,0.0,0.0,0.0,0.0,0.0,0.0,0.0,0.0,0.0,1.0304038,-0.0148734,1.0303549,-120.0126284,,,0.0,-0.0,0.0,180.0,,
CKT_114_16955,42997338,16.0,0.0,0.0,0.0,0.0,0.0,0.0,0.0,0.0,0.0,0.0,0.0,0.0,0.0,0.0,0.0,0.0,0.0,0.0,1.0304442,-0.0137902,1.0303743,-120.014073,1.0304413,119.987394,0.0,-0.0,0.0,180.0,0.0,0.0
CKT_114_16955,42997339,16.0,0.0,0.0,0.0,0.0,0.0,0.0,0.0,0.0,0.0,0.0,0.0,0.0,0.0,0.0,0.0,0.0,0.0,0.0,1.0304442,-0.0137902,1.0303743,-120.014073,1.0304413,119.987394,0.0,-0.0,0.0,180.0,0.0,0.0
CKT_114_16955,42981734,16.0,0.0,0.0,0.0,0.0,0.0,0.0,0.0,0.0,0.0,0.0,0.0,0.0,0.0,0.0,0.0,0.0,0.0,0.0,1.030481,-0.0151945,1.0304275,-120.0154639,1.0304833,119.9861628,0.0,-0.0,0.0,180.0,0.0,0.0
CKT_114_16955,42981735,16.0,0.0,0.0,0.0,0.0,0.0,0.0,0.0,0.0,0.0,0.0,0.0,0.0,0.0,0.0,0.0,0.0,0.0,0.0,1.030481,-0.0151945,1.0304275,-120.0154639,1.0304833,119.9861628,0.0,-0.0,0.0,180.0,0.0,0.0
CKT_114_16955,42981763,16.0,0.0,0.0,0.0,0.0,0.0,0.0,0.0,0.0,0.0,0.0,0.0,0.0,0.0,0.0,0.0,0.0,0.0,0.0,1.0304809,-0.0151914,1.0304275,-120.0154639,1.0304832,119.9861568,0.0,-0.0,0.0,180.0,0.0,0.0
CKT_114_16955,42981764,16.0,0.0,0.0,0.0,0.0,0.0,0.0,0.0,0.0,0.0,0.0,0.0,0.0,0.0,0.0,0.0,0.0,0.0,0.0,1.0304809,-0.0151914,1.0304275,-120.0154639,1.0304832,119.9861568,0.0,-0.0,0.0,180.0,0.0,0.0
CKT_114_16955,87090990,16.0,0.0,0.0,0.0,0.0,0.0,0.0,0.0,0.0,0.0,0.0,0.0,0.0,0.0,0.0,0.0,0.0,0.0,0.0,1.030448,-0.0140682,1.0303925,-120.0142977,1.0304499,119.9874093,0.0,-0.0,0.0,180.0,0.0,0.0
CKT_114_16955,87090991,16.0,0.0,0.0,0.0,0.0,0.0,0.0,0.0,0.0,0.0,0.0,0.0,0.0,0.0,0.0,0.0,0.0,0.0,0.0,1.030448,-0.0140683,1.0303925,-120.0142977,1.0304499,119.9874093,0.0,-0.0,0.0,180.0,0.0,0.0
CKT_114_16955,42981805,16.0,0.0,0.0,0.0,0.0,0.0,0.0,0.0,0.0,0.0,0.0,0.0,0.0,0.0,0.0,0.0,0.0,0.0,0.0,1.0304478,-0.014079,1.0303922,-120.0142922,1.0304499,119.9874093,0.0,-0.0,0.0,180.0,0.0,0.0
CKT_114_16955,42981806,16.0,0.0,0.0,0.0,0.0,0.0,0.0,0.0,0.0,0.0,0.0,0.0,0.0,0.0,0.0,0.0,0.0,0.0,0.0,1.0304478,-0.014079,1.0303922,-120.0142922,1.0304499,119.9874093,0.0,-0.0,0.0,180.0,0.0,0.0
CKT_114_16955,42981476,16.0,0.0,0.0,0.0,0.0,0.0,0.0,0.0,0.0,0.0,0.0,0.0,0.0,0.0,0.0,0.0,0.0,0.0,0.0,1.0305146,-0.0164642,1.0304601,-120.0166879,1.0305171,119.9849651,0.0,-0.0,0.0,180.0,0.0,0.0
CKT_114_16955,42981477,16.0,0.0,0.0,0.0,0.0,0.0,0.0,0.0,0.0,0.0,0.0,0.0,0.0,0.0,0.0,0.0,0.0,0.0,0.0,1.0305146,-0.0164642,1.0304601,-120.0166879,1.0305171,119.9849651,0.0,-0.0,0.0,180.0,0.0,0.0
CKT_114_16955,42981501,16.0,0.0,0.0,0.0,0.0,0.0,0.0,0.0,0.0,0.0,0.0,0.0,0.0,0.0,0.0,0.0,0.0,0.0,0.0,0.0324373,179.0082048,1.0304579,-120.0167869,1.0305149,119.9849885,0.0,180.0,0.0,180.0,0.0,0.0
CKT_114_16955,42981502,16.0,0.0,0.0,0.0,0.0,0.0,0.0,0.0,0.0,0.0,0.0,0.0,0.0,0.0,0.0,0.0,0.0,0.0,0.0,,,1.0304579,-120.0167869,1.0305149,119.9849885,,,0.0,180.0,0.0,0.0
CKT_114_16955,42981576,16.0,0.0,0.0,0.0,0.0,0.0,0.0,0.0,0.0,0.0,0.0,0.0,0.0,0.0,0.0,0.0,0.0,0.0,0.0,1.0305075,-0.0161722,0.0322306,58.7574893,1.0305114,119.9850193,0.0,-0.0,0.0,-0.0,0.0,0.0
CKT_114_16955,42981577,16.0,0.0,0.0,0.0,0.0,0.0,0.0,0.0,0.0,0.0,0.0,0.0,0.0,0.0,0.0,0.0,0.0,0.0,0.0,1.0305075,-0.0161721,,,1.0305114,119.9850193,0.0,-0.0,,,0.0,0.0
CKT_114_16955,42981601,16.0,0.0,0.0,0.0,0.0,0.0,0.0,0.0,0.0,0.0,0.0,0.0,0.0,0.0,0.0,0.0,0.0,0.0,0.0,1.0305062,-0.0161465,0.0319028,59.7394876,1.0305104,119.9849688,0.0,-0.0,0.0,-0.0,0.0,0.0
CKT_114_16955,42981602,16.0,0.0,0.0,0.0,0.0,0.0,0.0,0.0,0.0,0.0,0.0,0.0,0.0,0.0,0.0,0.0,0.0,0.0,0.0,1.0305062,-0.0161465,,,1.0305104,119.9849687,0.0,-0.0,,,0.0,0.0
CKT_114_16955,42981626,16.0,0.0,0.0,0.0,0.0,0.0,0.0,0.0,0.0,0.0,0.0,0.0,0.0,0.0,0.0,0.0,0.0,0.0,0.0,1.0305128,-0.0165792,1.0304571,-120.0166932,0.0341157,-55.1940665,0.0,-0.0,0.0,180.0,0.0,-180.0
CKT_114_16955,42981627,16.0,0.0,0.0,0.0,0.0,0.0,0.0,0.0,0.0,0.0,0.0,0.0,0.0,0.0,0.0,0.0,0.0,0.0,0.0,1.0305128,-0.0165792,1.0304571,-120.0166932,,,0.0,-0.0,0.0,180.0,,
CKT_114_16955,42981426,16.0,0.0,0.0,0.0,0.0,0.0,0.0,0.0,0.0,0.0,0.0,0.0,0.0,0.0,0.0,0.0,0.0,0.0,0.0,0.0324405,-178.7233457,1.0304565,-120.0168496,1.0305133,119.9850203,0.0,180.0,0.0,180.0,0.0,0.0
CKT_114_16955,42981427,16.0,0.0,0.0,0.0,0.0,0.0,0.0,0.0,0.0,0.0,0.0,0.0,0.0,0.0,0.0,0.0,0.0,0.0,0.0,,,1.0304565,-120.0168496,1.0305133,119.9850203,,,0.0,180.0,0.0,0.0
CKT_114_16955,42981451,16.0,0.0,0.0,0.0,0.0,0.0,0.0,0.0,0.0,0.0,0.0,0.0,0.0,0.0,0.0,0.0,0.0,0.0,0.0,1.0305057,-0.0161377,0.0341459,61.9105753,1.03051,119.9849515,0.0,-0.0,0.0,-0.0,0.0,0.0
CKT_114_16955,42981452,16.0,0.0,0.0,0.0,0.0,0.0,0.0,0.0,0.0,0.0,0.0,0.0,0.0,0.0,0.0,0.0,0.0,0.0,0.0,1.0305057,-0.0161377,,,1.03051,119.9849514,0.0,-0.0,,,0.0,0.0
CKT_114_16955,42981551,16.0,0.0,0.0,0.0,0.0,0.0,0.0,0.0,0.0,0.0,0.0,0.0,0.0,0.0,0.0,0.0,0.0,0.0,0.0,1.0305073,-0.0161681,0.0356236,66.5985712,1.0305113,119.9850114,0.0,-0.0,0.0,-0.0,0.0,0.0
CKT_114_16955,42981552,16.0,0.0,0.0,0.0,0.0,0.0,0.0,0.0,0.0,0.0,0.0,0.0,0.0,0.0,0.0,0.0,0.0,0.0,0.0,1.0305073,-0.0161681,,,1.0305113,119.9850114,0.0,-0.0,,,0.0,0.0
CKT_114_16955,43019712,16.0,0.0,0.0,0.0,0.0,0.0,0.0,0.0,0.0,0.0,0.0,0.0,0.0,0.0,0.0,0.0,0.0,0.0,0.0,1.0305119,-0.0166235,1.030456,-120.0166708,0.0326159,-63.9250444,0.0,-0.0,0.0,180.0,0.0,-180.0
CKT_114_16955,43019713,16.0,0.0,0.0,0.0,0.0,0.0,0.0,0.0,0.0,0.0,0.0,0.0,0.0,0.0,0.0,0.0,0.0,0.0,0.0,1.0305119,-0.0166236,1.030456,-120.0166708,,,0.0,-0.0,0.0,180.0,,
CKT_114_16955,42981676,16.0,0.0,0.0,0.0,0.0,0.0,0.0,0.0,0.0,0.0,0.0,0.0,0.0,0.0,0.0,0.0,0.0,0.0,0.0,1.0304587,-0.0144193,1.0304035,-120.0146794,1.0304603,119.9870241,0.0,-0.0,0.0,180.0,0.0,0.0
CKT_114_16955,42981677,16.0,0.0,0.0,0.0,0.0,0.0,0.0,0.0,0.0,0.0,0.0,0.0,0.0,0.0,0.0,0.0,0.0,0.0,0.0,1.0304587,-0.0144194,1.0304035,-120.0146794,1.0304603,119.9870241,0.0,-0.0,0.0,180.0,0.0,0.0
CKT_114_16955,43017934,16.0,0.0,0.0,0.0,0.0,0.0,0.0,0.0,0.0,0.0,0.0,0.0,0.0,0.0,0.0,0.0,0.0,0.0,0.0,1.0304695,-0.014795,1.0304151,-120.0150523,1.0304715,119.9866109,0.0,-0.0,0.0,180.0,0.0,0.0
CKT_114_16955,43017935,16.0,0.0,0.0,0.0,0.0,0.0,0.0,0.0,0.0,0.0,0.0,0.0,0.0,0.0,0.0,0.0,0.0,0.0,0.0,1.0304695,-0.014795,1.0304151,-120.0150523,1.0304715,119.9866109,0.0,-0.0,0.0,180.0,0.0,0.0
CKT_114_16955,207913859,16.0,0.0,0.0,0.0,0.0,0.0,0.0,0.0,0.0,0.0,0.0,0.0,0.0,0.0,0.0,0.0,0.0,0.0,0.0,0.0338131,-178.7477597,1.0305059,-120.0166731,1.0305588,119.9855391,0.0,180.0,0.0,180.0,0.0,0.0
CKT_114_16955,207913860,16.0,0.0,0.0,0.0,0.0,0.0,0.0,0.0,0.0,0.0,0.0,0.0,0.0,0.0,0.0,0.0,0.0,0.0,0.0,,,1.0305059,-120.0166731,1.0305588,119.9855391,,,0.0,180.0,0.0,0.0
CKT_114_16955,123861005,16.0,0.0,0.0,0.0,0.0,0.0,0.0,0.0,0.0,0.0,0.0,0.0,0.0,0.0,0.0,0.0,0.0,0.0,0.0,1.0304297,-0.0143293,1.0303763,-120.0136013,0.0384433,-59.565871,0.0,-0.0,0.0,180.0,0.0,-180.0
CKT_114_16955,123861006,16.0,0.0,0.0,0.0,0.0,0.0,0.0,0.0,0.0,0.0,0.0,0.0,0.0,0.0,0.0,0.0,0.0,0.0,0.0,1.0304297,-0.0143293,1.0303763,-120.0136013,,,0.0,-0.0,0.0,180.0,,
CKT_114_16955,51229783,16.0,0.0,0.0,0.0,0.0,0.0,0.0,0.0,0.0,0.0,0.0,0.0,0.0,0.0,0.0,0.0,0.0,0.0,0.0,1.0304373,-0.0141809,1.03038,-120.0139582,1.0304453,119.9876085,0.0,-0.0,0.0,180.0,0.0,0.0
CKT_114_16955,51229784,16.0,0.0,0.0,0.0,0.0,0.0,0.0,0.0,0.0,0.0,0.0,0.0,0.0,0.0,0.0,0.0,0.0,0.0,0.0,1.0304373,-0.0141809,1.03038,-120.0139582,1.0304453,119.9876085,0.0,-0.0,0.0,180.0,0.0,0.0
CKT_114_16955,54028467,16.0,0.0,0.0,0.0,0.0,0.0,0.0,0.0,0.0,0.0,0.0,0.0,0.0,0.0,0.0,0.0,0.0,0.0,0.0,0.0325291,-178.6983258,1.0305058,-120.0166813,1.0305586,119.9855411,0.0,180.0,0.0,180.0,0.0,0.0
CKT_114_16955,54028468,16.0,0.0,0.0,0.0,0.0,0.0,0.0,0.0,0.0,0.0,0.0,0.0,0.0,0.0,0.0,0.0,0.0,0.0,0.0,,,1.0305058,-120.0166813,1.0305586,119.9855411,,,0.0,180.0,0.0,0.0
CKT_114_16955,51229812,16.0,0.0,0.0,0.0,0.0,0.0,0.0,0.0,0.0,0.0,0.0,0.0,0.0,0.0,0.0,0.0,0.0,0.0,0.0,1.0304373,-0.0141809,1.0303796,-120.0139777,1.0304448,119.9876157,0.0,-0.0,0.0,180.0,0.0,0.0
CKT_114_16955,51229813,16.0,0.0,0.0,0.0,0.0,0.0,0.0,0.0,0.0,0.0,0.0,0.0,0.0,0.0,0.0,0.0,0.0,0.0,0.0,1.0304373,-0.0141809,1.0303796,-120.0139777,1.0304448,119.9876157,0.0,-0.0,0.0,180.0,0.0,0.0
CKT_114_16955,51245062,16.0,0.0,0.0,0.0,0.0,0.0,0.0,0.0,0.0,0.0,0.0,0.0,0.0,0.0,0.0,0.0,0.0,0.0,0.0,1.0304247,-0.0144353,1.0303722,-120.0134143,0.034659,-60.8072771,0.0,-0.0,0.0,180.0,0.0,-180.0
CKT_114_16955,51245063,16.0,0.0,0.0,0.0,0.0,0.0,0.0,0.0,0.0,0.0,0.0,0.0,0.0,0.0,0.0,0.0,0.0,0.0,0.0,1.0304247,-0.0144353,1.0303722,-120.0134143,,,0.0,-0.0,0.0,180.0,,
CKT_114_16955,54029146,16.0,0.0,0.0,0.0,0.0,0.0,0.0,0.0,0.0,0.0,0.0,0.0,0.0,0.0,0.0,0.0,0.0,0.0,0.0,0.0325253,179.039389,1.0305058,-120.0166844,1.0305585,119.9855404,0.0,180.0,0.0,180.0,0.0,0.0
CKT_114_16955,54029147,16.0,0.0,0.0,0.0,0.0,0.0,0.0,0.0,0.0,0.0,0.0,0.0,0.0,0.0,0.0,0.0,0.0,0.0,0.0,,,1.0305058,-120.0166844,1.0305585,119.9855404,,,0.0,180.0,0.0,0.0
CKT_114_16955,51229708,16.0,0.0,0.0,0.0,0.0,0.0,0.0,0.0,0.0,0.0,0.0,0.0,0.0,0.0,0.0,0.0,0.0,0.0,0.0,1.0304226,-0.0144795,1.0303705,-120.0133364,0.0335437,-59.73729,0.0,-0.0,0.0,180.0,0.0,-180.0
CKT_114_16955,51229709,16.0,0.0,0.0,0.0,0.0,0.0,0.0,0.0,0.0,0.0,0.0,0.0,0.0,0.0,0.0,0.0,0.0,0.0,0.0,1.0304226,-0.0144795,1.0303705,-120.0133364,,,0.0,-0.0,0.0,180.0,,
CKT_114_16955,51229841,16.0,0.0,0.0,0.0,0.0,0.0,0.0,0.0,0.0,0.0,0.0,0.0,0.0,0.0,0.0,0.0,0.0,0.0,0.0,1.0304373,-0.0141809,1.0303796,-120.0139834,1.0304447,119.9876172,0.0,-0.0,0.0,180.0,0.0,0.0
CKT_114_16955,51229842,16.0,0.0,0.0,0.0,0.0,0.0,0.0,0.0,0.0,0.0,0.0,0.0,0.0,0.0,0.0,0.0,0.0,0.0,0.0,1.0304373,-0.0141809,1.0303796,-120.0139834,1.0304447,119.9876172,0.0,-0.0,0.0,180.0,0.0,0.0
CKT_114_16955,54028367,16.0,0.0,0.0,0.0,0.0,0.0,0.0,0.0,0.0,0.0,0.0,0.0,0.0,0.0,0.0,0.0,0.0,0.0,0.0,0.0351475,-176.700072,1.0305058,-120.0166851,1.0305585,119.9855407,0.0,180.0,0.0,180.0,0.0,0.0
CKT_114_16955,54028368,16.0,0.0,0.0,0.0,0.0,0.0,0.0,0.0,0.0,0.0,0.0,0.0,0.0,0.0,0.0,0.0,0.0,0.0,0.0,,,1.0305058,-120.0166851,1.0305585,119.9855407,,,0.0,180.0,0.0,0.0
CKT_114_16955,243721855,16.0,0.0,0.0,0.0,0.0,0.0,0.0,0.0,0.0,0.0,0.0,0.0,0.0,0.0,0.0,0.0,0.0,0.0,0.0,1.0304168,-0.0146034,1.0303656,-120.013118,0.031352,-57.3710572,0.0,-0.0,0.0,180.0,0.0,-180.0
CKT_114_16955,243721856,16.0,0.0,0.0,0.0,0.0,0.0,0.0,0.0,0.0,0.0,0.0,0.0,0.0,0.0,0.0,0.0,0.0,0.0,0.0,1.0304168,-0.0146034,1.0303656,-120.013118,,,0.0,-0.0,0.0,180.0,,
CKT_114_16955,51229870,16.0,0.0,0.0,0.0,0.0,0.0,0.0,0.0,0.0,0.0,0.0,0.0,0.0,0.0,0.0,0.0,0.0,0.0,0.0,1.0304373,-0.0141809,1.0303796,-120.0139833,1.0304447,119.9876172,0.0,-0.0,0.0,180.0,0.0,0.0
CKT_114_16955,51229871,16.0,0.0,0.0,0.0,0.0,0.0,0.0,0.0,0.0,0.0,0.0,0.0,0.0,0.0,0.0,0.0,0.0,0.0,0.0,1.0304373,-0.0141809,1.0303796,-120.0139833,1.0304447,119.9876172,0.0,-0.0,0.0,180.0,0.0,0.0
CKT_114_16955,137947527,16.0,0.0,0.0,0.0,0.0,0.0,0.0,0.0,0.0,0.0,0.0,0.0,0.0,0.0,0.0,0.0,0.0,0.0,0.0,1.0304148,-0.0146453,1.030364,-120.0130438,0.0327154,-58.8871426,0.0,-0.0,0.0,180.0,0.0,-180.0
CKT_114_16955,137947528,16.0,0.0,0.0,0.0,0.0,0.0,0.0,0.0,0.0,0.0,0.0,0.0,0.0,0.0,0.0,0.0,0.0,0.0,0.0,1.0304148,-0.0146453,1.030364,-120.0130438,,,0.0,-0.0,0.0,180.0,,
CKT_114_16955,51229899,16.0,0.0,0.0,0.0,0.0,0.0,0.0,0.0,0.0,0.0,0.0,0.0,0.0,0.0,0.0,0.0,0.0,0.0,0.0,1.0304373,-0.0141809,1.0303796,-120.0139833,1.0304447,119.9876172,0.0,-0.0,0.0,180.0,0.0,0.0
CKT_114_16955,51229900,16.0,0.0,0.0,0.0,0.0,0.0,0.0,0.0,0.0,0.0,0.0,0.0,0.0,0.0,0.0,0.0,0.0,0.0,0.0,1.0304373,-0.0141809,1.0303796,-120.0139833,1.0304447,119.9876172,0.0,-0.0,0.0,180.0,0.0,0.0
CKT_114_16955,42981526,16.0,0.0,0.0,0.0,0.0,0.0,0.0,0.0,0.0,0.0,0.0,0.0,0.0,0.0,0.0,0.0,0.0,0.0,0.0,1.0305073,-0.0161681,0.0370162,62.0329732,1.0305113,119.9850114,0.0,-0.0,0.0,-0.0,0.0,0.0
CKT_114_16955,42981527,16.0,0.0,0.0,0.0,0.0,0.0,0.0,0.0,0.0,0.0,0.0,0.0,0.0,0.0,0.0,0.0,0.0,0.0,0.0,1.0305073,-0.0161681,,,1.0305113,119.9850114,0.0,-0.0,,,0.0,0.0
CKT_114_16955,42981651,16.0,0.0,0.0,0.0,0.0,0.0,0.0,0.0,0.0,0.0,0.0,0.0,0.0,0.0,0.0,0.0,0.0,0.0,0.0,1.0305115,-0.0166403,1.0304556,-120.0166623,0.031625,-57.6876177,0.0,-0.0,0.0,180.0,0.0,-180.0
CKT_114_16955,42981652,16.0,0.0,0.0,0.0,0.0,0.0,0.0,0.0,0.0,0.0,0.0,0.0,0.0,0.0,0.0,0.0,0.0,0.0,0.0,1.0305115,-0.0166403,1.0304556,-120.0166623,,,0.0,-0.0,0.0,180.0,,
CKT_114_16955,42981401,16.0,0.0,0.0,0.0,0.0,0.0,0.0,0.0,0.0,0.0,0.0,0.0,0.0,0.0,0.0,0.0,0.0,0.0,0.0,1.0305073,-0.0161681,0.0325684,57.7910035,1.0305113,119.9850114,0.0,-0.0,0.0,-0.0,0.0,0.0
CKT_114_16955,42981402,16.0,0.0,0.0,0.0,0.0,0.0,0.0,0.0,0.0,0.0,0.0,0.0,0.0,0.0,0.0,0.0,0.0,0.0,0.0,1.0305073,-0.0161681,,,1.0305113,119.9850114,0.0,-0.0,,,0.0,0.0
CKT_114_16955,51229733,16.0,0.0,0.0,0.0,0.0,0.0,0.0,0.0,0.0,0.0,0.0,0.0,0.0,0.0,0.0,0.0,0.0,0.0,0.0,1.0304127,-0.0146909,1.0303622,-120.0129629,0.0349087,-56.0936773,0.0,-0.0,0.0,180.0,0.0,-180.0
CKT_114_16955,51229734,16.0,0.0,0.0,0.0,0.0,0.0,0.0,0.0,0.0,0.0,0.0,0.0,0.0,0.0,0.0,0.0,0.0,0.0,0.0,1.0304127,-0.0146909,1.0303622,-120.0129629,,,0.0,-0.0,0.0,180.0,,
CKT_114_16955,174738690,16.0,0.0,0.0,0.0,0.0,0.0,0.0,0.0,0.0,0.0,0.0,0.0,0.0,0.0,0.0,0.0,0.0,0.0,0.0,1.030449,-0.0140351,1.0303935,-120.0143271,1.0304499,119.9874083,0.0,-0.0,0.0,180.0,0.0,0.0
CKT_114_16955,43019180,16.0,0.0,0.0,0.0,0.0,0.0,0.0,0.0,0.0,0.0,0.0,0.0,0.0,0.0,0.0,0.0,0.0,0.0,0.0,1.0304434,-0.0137504,1.0303729,-120.0140559,1.03044,119.987376,0.0,-0.0,0.0,180.0,0.0,0.0
CKT_114_16955,174139671,16.0,0.0,0.0,0.0,0.0,0.0,0.0,0.0,0.0,0.0,0.0,0.0,0.0,0.0,0.0,0.0,0.0,0.0,0.0,1.030449,-0.0140391,1.0303935,-120.0143311,1.03045,119.9874043,0.0,-0.0,0.0,180.0,0.0,0.0
CKT_114_16955,174139647,16.0,0.0,0.0,0.0,0.0,0.0,0.0,0.0,0.0,0.0,0.0,0.0,0.0,0.0,0.0,0.0,0.0,0.0,0.0,1.030449,-0.0140391,1.0303935,-120.0143311,1.03045,119.9874043,0.0,-0.0,0.0,180.0,0.0,0.0
CKT_114_16955,55316539,16.0,0.0,0.0,0.0,0.0,0.0,0.0,0.0,0.0,0.0,0.0,0.0,0.0,0.0,0.0,0.0,0.0,0.0,0.0,1.0304491,-0.0140445,1.0303936,-120.0143365,1.0304501,119.9873987,0.0,-0.0,0.0,180.0,0.0,0.0
CKT_114_16955,151406548,16.0,0.0,0.0,0.0,0.0,0.0,0.0,0.0,0.0,0.0,0.0,0.0,0.0,0.0,0.0,0.0,0.0,0.0,0.0,1.0304459,-0.0138708,1.0303775,-120.0141002,1.0304443,119.9874056,0.0,-0.0,0.0,180.0,0.0,0.0
CKT_114_16955,151406556,16.0,0.0,0.0,0.0,0.0,0.0,0.0,0.0,0.0,0.0,0.0,0.0,0.0,0.0,0.0,0.0,0.0,0.0,0.0,1.0304459,-0.0138708,1.0303775,-120.0141003,1.0304443,119.9874056,0.0,-0.0,0.0,180.0,0.0,0.0
CKT_114_16955,42999708,16.0,0.0,0.0,0.0,0.0,0.0,0.0,0.0,0.0,0.0,0.0,0.0,0.0,0.0,0.0,0.0,0.0,0.0,0.0,1.0304431,-0.0137334,,,1.0304396,119.987369,0.0,-0.0,,,0.0,0.0
CKT_114_16955,43018547,16.0,0.0,0.0,0.0,0.0,0.0,0.0,0.0,0.0,0.0,0.0,0.0,0.0,0.0,0.0,0.0,0.0,0.0,0.0,1.0304428,-0.0137224,1.0303712,-120.0140289,1.0304393,119.9873635,0.0,-0.0,0.0,180.0,0.0,0.0
CKT_114_16955,210332391,16.0,0.0,0.0,0.0,0.0,0.0,0.0,0.0,0.0,0.0,0.0,0.0,0.0,0.0,0.0,0.0,0.0,0.0,0.0,1.0304434,-0.0137504,1.0303729,-120.0140559,1.03044,119.9873769,0.0,-0.0,0.0,180.0,0.0,0.0
CKT_114_16955,210332399,16.0,0.0,0.0,0.0,0.0,0.0,0.0,0.0,0.0,0.0,0.0,0.0,0.0,0.0,0.0,0.0,0.0,0.0,0.0,1.0304434,-0.0137504,1.0303729,-120.0140559,1.03044,119.9873769,0.0,-0.0,0.0,180.0,0.0,0.0
CKT_114_16955,42999660,16.0,0.0,0.0,0.0,0.0,0.0,0.0,0.0,0.0,0.0,0.0,0.0,0.0,0.0,0.0,0.0,0.0,0.0,0.0,1.030449,-0.0140391,1.0303935,-120.0143311,1.03045,119.9874043,0.0,-0.0,0.0,180.0,0.0,0.0
CKT_114_16955,55295942,16.0,0.0,0.0,0.0,0.0,0.0,0.0,0.0,0.0,0.0,0.0,0.0,0.0,0.0,0.0,0.0,0.0,0.0,0.0,1.0304488,-0.014021,1.0303933,-120.0143136,1.0304497,119.9874224,0.0,-0.0,0.0,180.0,0.0,0.0
CKT_114_16955,55295759,16.0,0.0,0.0,0.0,0.0,0.0,0.0,0.0,0.0,0.0,0.0,0.0,0.0,0.0,0.0,0.0,0.0,0.0,0.0,0.0,0.0,0.0,0.0,0.0,0.0,,,,,,
CKT_114_16955,-77777755295759,16.0,0.0,0.0,0.0,0.0,0.0,0.0,0.0,0.0,0.0,0.0,0.0,0.0,0.0,0.0,0.0,0.0,0.0,0.0,0.0,0.0,0.0,0.0,0.0,0.0,,,,,,
CKT_114_16955,135632221,16.0,0.0,0.0,0.0,0.0,0.0,0.0,0.0,0.0,0.0,0.0,0.0,0.0,0.0,0.0,0.0,0.0,0.0,0.0,0.0,0.0,0.0,0.0,0.0,0.0,,,,,,
CKT_114_16955,-777777135632221,16.0,0.0,0.0,0.0,0.0,0.0,0.0,0.0,0.0,0.0,0.0,0.0,0.0,0.0,0.0,0.0,0.0,0.0,0.0,0.0,0.0,0.0,0.0,0.0,0.0,,,,,,
CKT_114_16955,42998425,16.0,0.0,0.0,0.0,0.0,0.0,0.0,0.0,0.0,0.0,0.0,0.0,0.0,0.0,0.0,0.0,0.0,0.0,0.0,0.0,0.0,0.0,0.0,0.0,0.0,,,,,,
CKT_114_16955,-77777742998425,16.0,0.0,0.0,0.0,0.0,0.0,0.0,0.0,0.0,0.0,0.0,0.0,0.0,0.0,0.0,0.0,0.0,0.0,0.0,0.0,0.0,0.0,0.0,0.0,0.0,,,,,,
CKT_114_16955,55316547,16.0,0.0,0.0,0.0,0.0,0.0,0.0,0.0,0.0,0.0,0.0,0.0,0.0,0.0,0.0,0.0,0.0,0.0,0.0,0.0,0.0,0.0,0.0,0.0,0.0,,,,,,
CKT_114_16955,-77777755316547,16.0,0.0,0.0,0.0,0.0,0.0,0.0,0.0,0.0,0.0,0.0,0.0,0.0,0.0,0.0,0.0,0.0,0.0,0.0,0.0,0.0,0.0,0.0,0.0,0.0,,,,,,
CKT_114_16955,43019976,16.0,0.0,0.0,0.0,0.0,0.0,0.0,0.0,0.0,0.0,0.0,0.0,0.0,0.0,0.0,0.0,0.0,0.0,0.0,0.0,0.0,0.0,0.0,0.0,0.0,,,,,,
CKT_114_16955,-77777743019976,16.0,0.0,0.0,0.0,0.0,0.0,0.0,0.0,0.0,0.0,0.0,0.0,0.0,0.0,0.0,0.0,0.0,0.0,0.0,0.0,0.0,0.0,0.0,0.0,0.0,,,,,,
CKT_114_16955,55295926,16.0,0.0,0.0,0.0,0.0,0.0,0.0,0.0,0.0,0.0,0.0,0.0,0.0,0.0,0.0,0.0,0.0,0.0,0.0,0.0,0.0,0.0,0.0,0.0,0.0,,,,,,
CKT_114_16955,-77777755295926,16.0,0.0,0.0,0.0,0.0,0.0,0.0,0.0,0.0,0.0,0.0,0.0,0.0,0.0,0.0,0.0,0.0,0.0,0.0,0.0,0.0,0.0,0.0,0.0,0.0,,,,,,
CKT_114_16955,177282980,16.0,0.0,0.0,0.0,0.0,0.0,0.0,0.0,0.0,0.0,0.0,0.0,0.0,0.0,0.0,0.0,0.0,0.0,0.0,0.0,0.0,0.0,0.0,0.0,0.0,,,,,,
CKT_114_16955,-777777177282980,16.0,0.0,0.0,0.0,0.0,0.0,0.0,0.0,0.0,0.0,0.0,0.0,0.0,0.0,0.0,0.0,0.0,0.0,0.0,0.0,0.0,0.0,0.0,0.0,0.0,,,,,,
CKT_114_16955,-999999299261579,0.069284,-0.006524,-0.003162,0.0,-0.003262,-0.003262,0.0,-0.001581,-0.001581,0.0,0.0,0.016434,0.007162,0.0,0.008217,0.008217,0.0,0.003581,0.003581,,,1.0290679,-90.0442844,1.0290679,89.9557156,,,305.7595224,65.7427074,305.7595224,-114.2572926
CKT_114_16955,-999999177740135,0.12,0.0,0.0,0.0,0.0,0.0,0.0,0.0,0.0,0.0,0.0,0.0301242,0.01587,0.0,0.0,0.0301242,0.0,0.0,0.01587,,,,,1.0288533,119.9647793,,,,,477.6708421,-87.8163346
CKT_114_16955,-99999955316539,0.12,0.0,0.0,0.0,0.0,0.0,0.0,0.0,0.0,0.0,0.0,0.0056444,0.0024615,0.0,0.0056444,0.0,0.0,0.0024615,0.0,,,1.0298278,-120.0248453,,,,,86.3053165,36.4134243,,
CKT_114_16955,-99999942981706,0.12,0.0,0.0,0.0,0.0,0.0,0.0,0.0,0.0,0.0,0.0,0.0,-0.0,0.0,0.0,0.0,0.0,-0.0,0.0,1.0304813,-0.0159147,1.0304388,-120.0151049,1.0304727,119.9865342,4e-07,179.984085,4e-07,59.9848958,4e-07,-60.0134663
CKT_114_16955,-99999951229900,0.069284,0.0,0.0,0.0,0.0,0.0,0.0,0.0,0.0,0.0,0.0,0.0,0.0,0.0,0.0,0.0,0.0,0.0,0.0,1.0304494,-30.0134008,,,1.0304494,149.9865992,2e-07,149.9865992,,,2e-07,-30.0134008
CKT_114_16955,-99999942981477,0.069284,0.0,0.0,0.0,0.0,0.0,0.0,0.0,0.0,0.0,0.0,0.002976,0.001568,0.001488,0.0,0.001488,0.000784,0.0,0.000784,1.0300503,-30.0224829,,,1.0300503,149.9775171,40.8197521,122.1935907,,,40.8197521,-57.8064093
CKT_114_16955,-99999942981402,0.069284,0.0,0.0,0.0,0.0,0.0,0.0,0.0,0.0,0.0,0.0,0.0,0.0,0.0,0.0,0.0,0.0,0.0,0.0,1.0305145,-30.0156416,,,1.0305145,149.9843584,2e-07,149.9843584,,,2e-07,-30.0156416
CKT_114_16955,-99999954028368,0.069284,0.0,0.0,0.0,0.0,0.0,0.0,0.0,0.0,0.0,0.0,0.000668,0.000292,0.0,0.000334,0.000334,0.0,0.000146,0.000146,,,1.0304195,-90.016586,1.0304195,89.9834139,,,8.8436255,66.3720368,8.8436255,-113.6279633
CKT_114_16955,-99999951229842,0.069284,-0.028468,-0.013796,0.0,-0.014234,-0.014234,0.0,-0.006898,-0.006898,0.0,0.0,0.039624,0.017272,0.0,0.019812,0.019812,0.0,0.008636,0.008636,,,1.0283504,-90.0648227,1.0283504,89.9351773,,,909.7416398,65.4096205,909.7416398,-114.5903795
CKT_114_16955,-99999954028343,0.069284,0.0,0.0,0.0,0.0,0.0,0.0,0.0,0.0,0.0,0.0,0.002956,0.00129,0.0,0.001478,0.001478,0.0,0.000645,0.000645,,,1.0300796,-90.0229211,1.0300796,89.9770789,,,39.1368681,66.4005965,39.1368681,-113.5994035
CKT_114_16955,-99999954028443,0.069284,-0.004688,-0.002274,0.0,-0.002344,-0.002344,0.0,-0.001137,-0.001137,0.0,0.0,0.016738,0.007296,0.0,0.008369,0.008369,0.0,0.003648,0.003648,,,1.0287364,-90.0497667,1.0287364,89.9502333,,,285.124605,65.8821342,285.124605,-114.1178658
CKT_114_16955,-99999955295509,0.069284,0.0,0.0,0.0,0.0,0.0,0.0,0.0,0.0,0.0,0.0,0.000444,0.000194,0.0,0.000222,0.000222,0.0,9.7e-05,9.7e-05,,,1.0299911,-90.0036517,1.0299911,89.9963483,,,5.8801358,66.3940544,5.8801358,-113.6059456
CKT_114_16955,-99999942981677,0.069284,0.0,0.0,0.0,0.0,0.0,0.0,0.0,0.0,0.0,0.0,0.058954,0.031056,0.029477,0.029477,0.0,0.015528,0.015528,0.0,1.0257354,29.9179656,1.0257354,-150.0820344,,,812.0003724,-177.86156,812.0003724,2.13844,,
CKT_114_16955,-999999210332399,0.159931,0.0,0.0,0.0,0.0,0.0,0.0,0.0,0.0,0.0,0.0,0.0065236,0.0034365,0.0,0.0,0.0065236,0.0,0.0,0.0034365,,,,,1.5459808,119.9841157,,,,,51.6522336,-87.7953278
CKT_114_16955,-99999955319601,0.069284,0.0,0.0,0.0,0.0,0.0,0.0,0.0,0.0,0.0,0.0,0.0184,0.009694,0.0,0.0092,0.0092,0.0,0.004847,0.004847,,,1.0280925,-90.0304123,1.0280925,89.9695877,,,252.8572619,62.1871813,252.8572619,-117.8128187
CKT_114_16955,-999999174139671,0.12,0.0,0.0,0.0,0.0,0.0,0.0,0.0,0.0,0.0,0.0,0.0,-0.0,0.0,0.0,0.0,-0.0,0.0,0.0,1.0304471,-0.0140389,,,,,4e-07,179.9859611,,,,
CKT_114_16955,-99999951230423,0.069284,0.0,0.0,0.0,0.0,0.0,0.0,0.0,0.0,0.0,0.0,0.0,-0.0,0.0,0.0,0.0,-0.0,-0.0,0.0,1.0304065,29.9849912,1.0304065,-150.0150088,,,2e-07,-150.0150088,2e-07,29.9849912,,
CKT_114_16955,-99999943018547,0.12,0.0,0.0,0.0,0.0,0.0,0.0,0.0,0.0,0.0,0.0,0.0385975,0.0203309,0.0,0.0385975,0.0,0.0,0.0203309,0.0,,,1.0293481,-120.0285154,,,,,611.7148174,32.1938978,,
CKT_114_16955,-999999176394353,0.12,0.0,0.0,0.0,0.0,0.0,0.0,0.0,0.0,0.0,0.0,0.005645,0.0024618,0.0,0.0,0.005645,0.0,0.0,0.0024618,,,,,1.0298841,119.9768917,,,,,86.3100462,-83.5848387
CKT_114_16955,-99999955295942,0.12,0.0,0.0,0.0,0.0,0.0,0.0,0.0,0.0,0.0,0.0,0.0872519,0.0459668,0.029085,0.0290825,0.0290844,0.0153228,0.0153215,0.0153225,1.0248834,-0.0936463,1.0248394,-120.0928727,1.0248734,119.9088718,462.9803504,152.1248441,462.9604717,32.1256181,462.9758242,-87.8726382
CKT_114_16955,-99999954028468,0.069284,-0.009058,-0.004386,0.0,-0.004529,-0.004529,0.0,-0.002193,-0.002193,0.0,0.0,0.01818,0.007924,0.0,0.00909,0.00909,0.0,0.003962,0.003962,,,1.0291946,-90.0428418,1.0291946,89.9571582,,,363.0229064,65.6369426,363.0229064,-114.3630574
CKT_114_16955,-99999951229784,0.069284,0.0,0.0,0.0,0.0,0.0,0.0,0.0,0.0,0.0,0.0,0.0,-0.0,0.0,0.0,0.0,-0.0,-0.0,0.0,1.0304066,29.9850109,1.0304066,-150.0149891,,,2e-07,-150.0149891,2e-07,29.9850109,,
CKT_114_16955,-999999151406556,0.12,0.0,0.0,0.0,0.0,0.0,0.0,0.0,0.0,0.0,0.0,0.0761697,0.0401252,0.0,0.0761697,0.0,0.0,0.0401252,0.0,,,1.0276841,-120.0522751,,,,,1209.1580683,32.168074,,
CKT_114_16955,-999999207913860,0.069284,-0.006048,-0.002932,0.0,-0.003024,-0.003024,0.0,-0.001466,-0.001466,0.0,0.0,0.02341,0.010204,0.0,0.011705,0.011705,0.0,0.005102,0.005102,,,1.0279422,-90.0650805,1.0279422,89.9349195,,,392.205953,65.9017275,392.205953,-114.0982725
CKT_114_16955,-999999137947528,0.069284,0.0,0.0,0.0,0.0,0.0,0.0,0.0,0.0,0.0,0.0,0.0,-0.0,0.0,0.0,0.0,-0.0,-0.0,0.0,1.0303801,29.9853395,1.0303801,-150.0146605,,,2e-07,-150.0146605,2e-07,29.9853395,,
CKT_114_16955,-99999951229709,0.069284,0.0,0.0,0.0,0.0,0.0,0.0,0.0,0.0,0.0,0.0,0.0,-0.0,0.0,0.0,0.0,-0.0,-0.0,0.0,1.0303897,29.985255,1.0303897,-150.014745,,,2e-07,-150.014745,2e-07,29.985255,,
CKT_114_16955,-999999206573411,0.069284,-0.005056,-0.002448,-0.002528,-0.002528,0.0,-0.001224,-0.001224,0.0,0.0,0.0,0.015184,0.006618,0.007592,0.007592,0.0,0.003309,0.003309,0.0,1.0295244,29.9631342,1.0295244,-150.0368658,,,269.2634172,-174.1656617,269.2634172,5.8343383,,
CKT_114_16955,-99999954028418,0.069284,-0.004664,-0.00226,-0.002332,-0.002332,0.0,-0.00113,-0.00113,0.0,0.0,0.0,0.010838,0.004726,0.005419,0.005419,0.0,0.002363,0.002363,0.0,1.0296173,29.9643834,1.0296173,-150.0356166,,,206.4229884,-174.2943979,206.4229884,5.7056021,,
CKT_114_16955,-99999951229759,0.069284,0.0,0.0,0.0,0.0,0.0,0.0,0.0,0.0,0.0,0.0,0.0,-0.0,0.0,0.0,0.0,-0.0,-0.0,0.0,1.030372,29.985415,1.030372,-150.014585,,,2e-07,-150.014585,2e-07,29.985415,,
CKT_114_16955,-99999942999708,0.069284,0.0,0.0,0.0,0.0,0.0,0.0,0.0,0.0,0.0,0.0,0.0118,0.005144,0.0059,0.0,0.0059,0.002572,0.0,0.002572,1.0292667,-30.0351138,,,1.0292667,149.9648861,156.3262735,126.4109486,,,156.3262735,-53.5890515
CKT_114_16955,-999999123861006,0.069284,-0.005628,-0.003488,-0.002814,-0.002814,0.0,-0.001744,-0.001744,0.0,0.0,0.0,0.061456,0.032374,0.030728,0.030728,0.0,0.016187,0.016187,0.0,1.018521,29.8115826,1.018521,-150.1884174,,,933.5334719,-178.3166424,933.5334719,1.6833576,,
CKT_114_16955,-99999954028318,0.069284,-0.016346,-0.007918,-0.008173,-0.008173,0.0,-0.003959,-0.003959,0.0,0.0,0.0,0.022678,0.009886,0.011339,0.011339,0.0,0.004943,0.004943,0.0,1.0296512,29.9605914,1.0296512,-150.0394086,,,520.7141104,-174.5634008,520.7141104,5.4365992,,
CKT_114_16955,-99999954030049,0.069284,-0.00368,-0.001784,-0.00184,-0.00184,0.0,-0.000892,-0.000892,0.0,0.0,0.0,0.009334,0.004068,0.004667,0.004667,0.0,0.002034,0.002034,0.0,1.0296923,29.9661265,1.0296923,-150.0338735,,,173.2167445,-174.2458736,173.2167445,5.7541264,,
CKT_114_16955,-999999243721856,0.069284,0.0,0.0,0.0,0.0,0.0,0.0,0.0,0.0,0.0,0.0,0.001544,0.000672,0.000772,0.000772,0.0,0.000336,0.000336,0.0,1.0300743,29.9795596,1.0300743,-150.0204404,,,20.4336281,-173.5407131,20.4336281,6.4592869,,
CKT_114_16955,-99999951229871,0.12,0.0,0.0,0.0,0.0,0.0,0.0,0.0,0.0,0.0,0.0,0.0,-0.0,0.0,0.0,0.0,0.0,0.0,-0.0,1.0304372,-0.0148941,1.0303907,-120.0136295,1.0304336,119.9879769,4e-07,179.9851059,4e-07,59.9863698,4e-07,-60.0120224
CKT_114_16955,-99999954029147,0.069284,-0.009696,-0.004698,0.0,-0.004848,-0.004848,0.0,-0.002349,-0.002349,0.0,0.0,0.009966,0.004346,0.0,0.004983,0.004983,0.0,0.002173,0.002173,,,1.0305265,-90.0194713,1.0305265,89.9805287,,,262.5073561,65.2793491,262.5073561,-114.7206509
CKT_114_16955,-99999951229813,0.069284,-0.003312,-0.001606,0.0,-0.001656,-0.001656,0.0,-0.000803,-0.000803,0.0,0.0,0.020048,0.00874,0.0,0.010024,0.010024,0.0,0.00437,0.00437,,,1.0270709,-90.0759314,1.0270709,89.9240686,,,310.9308495,66.0358111,310.9308495,-113.9641889
CKT_114_16955,-99999942981806,0.069284,0.0,0.0,0.0,0.0,0.0,0.0,0.0,0.0,0.0,0.0,0.053682,0.028278,0.026841,0.026841,0.0,0.014139,0.014139,0.0,1.0247128,29.9039786,1.0247128,-150.0960214,,,740.1200399,-177.8748812,740.1200399,2.1251188,,
CKT_114_16955,-99999958606783,0.069284,-0.004412,-0.002138,-0.002206,0.0,-0.002206,-0.001069,0.0,-0.001069,0.0,0.0,0.02747,0.011974,0.013735,0.0,0.013735,0.005987,0.0,0.005987,1.027068,-30.0798527,,,1.027068,149.9201473,424.3221437,126.044423,,,424.3221437,-53.955577
CKT_114_16955,-99999958629580,0.069284,-0.002084,-0.00101,-0.001042,-0.001042,0.0,-0.000505,-0.000505,0.0,0.0,0.0,0.006294,0.002742,0.003147,0.003147,0.0,0.001371,0.001371,0.0,1.0292683,29.9587951,1.0292683,-150.0412048,,,111.481146,-174.165929,111.481146,5.8340711,,
CKT_114_16955,-99999958606812,0.069284,-0.011962,-0.005796,-0.005981,-0.005981,0.0,-0.002898,-0.002898,0.0,0.0,0.0,0.03788,0.016512,0.01894,0.01894,0.0,0.008256,0.008256,0.0,1.0266854,29.9071884,1.0266854,-150.0928116,,,664.8210753,-174.2048759,664.8210753,5.7951241,,
CKT_114_16955,-99999955345874,0.159931,0.0,0.0,0.0,0.0,0.0,0.0,0.0,0.0,0.0,0.0,0.132141,0.069609,0.044047,0.044047,0.044047,0.023203,0.023203,0.023203,1.0283212,29.9551958,1.0283111,-90.0422883,1.0283555,149.9569414,524.3184895,-177.8240885,524.3236393,62.1784274,524.3010013,-57.8223429
CKT_114_16955,-99999942981527,0.138568,0.0,0.0,0.0,0.0,0.0,0.0,0.0,0.0,0.0,0.0,0.0,0.0,0.0,0.0,0.0,0.0,0.0,0.0,1.0305158,-30.0156416,,,1.0305158,149.9843584,1e-07,149.9843584,,,1e-07,-30.0156416
CKT_114_16955,-99999955295534,0.069284,0.0,0.0,0.0,0.0,0.0,0.0,0.0,0.0,0.0,0.0,0.063682,0.033546,0.0,0.031841,0.031841,0.0,0.016773,0.016773,,,1.0232567,-90.0990025,1.0232567,89.9009975,,,879.2423801,62.1219176,879.2423801,-117.8780824
CKT_114_16955,-99999958629605,0.069284,-0.004576,-0.002216,0.0,-0.002288,-0.002288,0.0,-0.001108,-0.001108,0.0,0.0,0.035652,0.01554,0.0,0.017826,0.017826,0.0,0.00777,0.00777,,,1.0257697,-90.1009973,1.0257697,89.8990027,,,535.8305653,66.0831014,535.8305653,-113.9168986
CKT_114_16955,-99999955295559,0.069284,0.0,0.0,0.0,0.0,0.0,0.0,0.0,0.0,0.0,0.0,0.05,0.02634,0.0,0.025,0.025,0.0,0.01317,0.01317,,,1.0247261,-90.0781708,1.0247261,89.9218292,,,689.3558094,62.1415678,689.3558094,-117.8584322
CKT_114_16955,-999999174738690,0.12,0.0,0.0,0.0,0.0,0.0,0.0,0.0,0.0,0.0,0.0,0.0,-0.0,0.0,0.0,0.0,-0.0,0.0,0.0,1.030447,-0.014035,,,,,4e-07,179.985965,,,,
CKT_114_16955,-99999942981652,0.069284,0.0,0.0,0.0,0.0,0.0,0.0,0.0,0.0,0.0,0.0,0.01533,0.008074,0.007665,0.007665,0.0,0.004037,0.004037,0.0,1.0280463,29.9478846,1.0280463,-150.0521154,,,210.6634409,-177.8269818,210.6634409,2.1730182,,
CKT_114_16955,-99999942981735,0.069284,0.0,0.0,0.0,0.0,0.0,0.0,0.0,0.0,0.0,0.0,0.016776,0.008838,0.0,0.008388,0.008388,0.0,0.004419,0.004419,,,1.0286695,-90.0389488,1.0286695,89.9610512,,,230.4082853,62.1797119,230.4082853,-117.8202881
CKT_114_16955,-99999987090991,0.069284,-0.003036,-0.001884,-0.001518,-0.001518,0.0,-0.000942,-0.000942,0.0,0.0,0.0,0.051224,0.026986,0.025612,0.025612,0.0,0.013493,0.013493,0.0,1.0253187,29.9111806,1.0253187,-150.0888194,,,749.286993,-178.1048254,749.286993,1.8951746,,
CKT_114_16955,-99999942981764,0.069284,0.0,0.0,0.0,0.0,0.0,0.0,0.0,0.0,0.0,0.0,0.03273,0.017242,0.016365,0.0,0.016365,0.008621,0.0,0.008621,1.0270163,-30.0637884,,,1.0270163,149.9362116,450.2451103,122.1561749,,,450.2451103,-57.8438251
CKT_114_16955,-99999951229929,0.069284,0.0,0.0,0.0,0.0,0.0,0.0,0.0,0.0,0.0,0.0,0.0,0.0,0.0,0.0,0.0,0.0,0.0,0.0,1.0304494,-30.0134008,,,1.0304494,149.9865992,2e-07,149.9865992,,,2e-07,-30.0134008
CKT_114_16955,-99999942981627,0.069284,0.0,0.0,0.0,0.0,0.0,0.0,0.0,0.0,0.0,0.0,0.029566,0.015576,0.014783,0.014783,0.0,0.007788,0.007788,0.0,1.0241944,29.8932827,1.0241944,-150.1067173,,,407.8450846,-177.8879362,407.8450846,2.1120638,,
CKT_114_16955,-99999942981577,0.069284,0.0,0.0,0.0,0.0,0.0,0.0,0.0,0.0,0.0,0.0,0.02553,0.013448,0.012765,0.0,0.012765,0.006724,0.0,0.006724,1.0264504,-30.0732807,,,1.0264504,149.9267193,351.3869549,122.148573,,,351.3869549,-57.851427
CKT_114_16955,-99999942981602,0.069284,0.0,0.0,0.0,0.0,0.0,0.0,0.0,0.0,0.0,0.0,0.037424,0.019716,0.018712,0.0,0.018712,0.009858,0.0,0.009858,1.0245437,-30.1002922,,,1.0245437,149.8997078,516.0667901,122.1182039,,,516.0667901,-57.8817961
CKT_114_16955,-99999942997339,0.069284,0.0,0.0,0.0,0.0,0.0,0.0,0.0,0.0,0.0,0.0,0.013776,0.007256,0.0,0.006888,0.006888,0.0,0.003628,0.003628,,,1.0274782,-90.0537019,1.0274782,89.946298,,,189.4157962,62.1699331,189.4157962,-117.830067
CKT_114_16955,-99999955295484,0.069284,0.0,0.0,0.0,0.0,0.0,0.0,0.0,0.0,0.0,0.0,0.048554,0.025578,0.0,0.024277,0.024277,0.0,0.012789,0.012789,,,1.0248727,-90.076064,1.0248727,89.923936,,,669.322479,62.1439029,669.322479,-117.8560971
CKT_114_16955,-99999943017935,0.069284,0.0,0.0,0.0,0.0,0.0,0.0,0.0,0.0,0.0,0.0,0.0152,0.008008,0.0076,0.0,0.0076,0.004004,0.0,0.004004,1.0280609,-30.0483827,,,1.0280609,149.9516173,208.8880136,122.1694675,,,208.8880136,-57.8305325
CKT_114_16955,-99999942999660,0.12,0.0,0.0,0.0,0.0,0.0,0.0,0.0,0.0,0.0,0.0,0.0314724,0.0165808,0.0,0.0314724,0.0,0.0,0.0165808,0.0,,,1.0292812,-120.0300776,,,,,498.8447355,32.1880277,,
CKT_114_16955,-99999958629526,0.069284,0.0,0.0,0.0,0.0,0.0,0.0,0.0,0.0,0.0,0.0,0.022954,0.012092,0.011477,0.011477,0.0,0.006046,0.006046,0.0,1.0281143,29.9484501,1.0281143,-150.0515499,,,315.4255772,-177.8314846,315.4255772,2.1685154,,
CKT_114_16955,-99999958629555,0.069284,-0.0029,-0.001404,-0.00145,0.0,-0.00145,-0.000702,0.0,-0.000702,0.0,0.0,0.009332,0.004068,0.004666,0.0,0.004666,0.002034,0.0,0.002034,1.0286425,-30.0522028,,,1.0286425,149.9477972,162.8334354,125.8463844,,,162.8334354,-54.1536156
CKT_114_16955,-99999943019713,0.069284,0.0,0.0,0.0,0.0,0.0,0.0,0.0,0.0,0.0,0.0,0.025072,0.013208,0.012536,0.012536,0.0,0.006604,0.006604,0.0,1.0264919,29.9258567,1.0264919,-150.0741433,,,345.0763445,-177.8545307,345.0763445,2.1454693,,
CKT_114_16955,-99999951245063,0.069284,0.0,0.0,0.0,0.0,0.0,0.0,0.0,0.0,0.0,0.0,0.0,-0.0,0.0,0.0,0.0,-0.0,-0.0,0.0,1.0303922,29.9852325,1.0303922,-150.0147675,,,2e-07,-150.0147675,2e-07,29.9852325,,
CKT_114_16955,-99999951244659,0.069284,-0.00484,-0.003002,-0.00242,-0.00242,0.0,-0.001501,-0.001501,0.0,0.0,0.0,0.056036,0.029518,0.028018,0.028018,0.0,0.014759,0.014759,0.0,1.0194821,29.8266314,1.0194821,-150.1733686,,,846.2103289,-178.2845313,846.2103289,1.7154687,,
CKT_114_16955,-99999951229734,0.069284,0.0,0.0,0.0,0.0,0.0,0.0,0.0,0.0,0.0,0.0,0.00769,0.003352,0.003845,0.003845,0.0,0.001676,0.001676,0.0,1.0288397,29.9566891,1.0288397,-150.0433109,,,101.9177727,-173.5952535,101.9177727,6.4047465,,
CKT_114_16955,-99999942981502,0.069284,0.0,0.0,0.0,0.0,0.0,0.0,0.0,0.0,0.0,0.0,0.031682,0.01669,0.0,0.015841,0.015841,0.0,0.008345,0.008345,,,1.0279582,-90.0506931,1.0279582,89.9493069,,,435.4295806,62.1691553,435.4295806,-117.8308447
CKT_114_16955,-99999954029924,0.069284,-0.00284,-0.001376,-0.00142,-0.00142,0.0,-0.000688,-0.000688,0.0,0.0,0.0,0.009898,0.004316,0.004949,0.004949,0.0,0.002158,0.002158,0.0,1.0291302,29.9556299,1.0291302,-150.0443701,,,169.4574646,-174.1219425,169.4574646,5.8780575,,
CKT_114_16955,-99999954028393,0.069284,-0.003496,-0.001696,-0.001748,-0.001748,0.0,-0.000848,-0.000848,0.0,0.0,0.0,0.01083,0.00472,0.005415,0.005415,0.0,0.00236,0.00236,0.0,1.0294409,29.9614957,1.0294409,-150.0385042,,,190.5969834,-174.1640618,190.5969834,5.8359383,,
CKT_114_16955,-99999943018475,0.069284,0.0,0.0,0.0,0.0,0.0,0.0,0.0,0.0,0.0,0.0,0.021682,0.011422,0.010841,0.0,0.010841,0.005711,0.0,0.005711,1.0287235,-30.0375379,,,1.0287235,149.9624621,297.7702268,122.1823612,,,297.7702268,-57.8176388
CKT_114_16955,-99999942999780,0.069284,0.0,0.0,0.0,0.0,0.0,0.0,0.0,0.0,0.0,0.0,0.020856,0.009092,0.010428,0.0,0.010428,0.004546,0.0,0.004546,1.028881,-30.0422706,,,1.028881,149.9577293,276.4046029,126.4033348,,,276.4046029,-53.5966653
CKT_114_16955,-99999942981427,0.069284,0.0,0.0,0.0,0.0,0.0,0.0,0.0,0.0,0.0,0.0,0.027448,0.01446,0.0,0.013724,0.013724,0.0,0.00723,0.00723,,,1.026103,-90.0769887,1.026103,89.9230113,,,377.9231965,62.1421067,377.9231965,-117.8578933
CKT_114_16955,-99999942981552,0.069284,0.0,0.0,0.0,0.0,0.0,0.0,0.0,0.0,0.0,0.0,0.008436,0.004444,0.004218,0.0,0.004218,0.002222,0.0,0.002222,1.029622,-30.0282991,,,1.029622,149.9717009,115.7545819,122.1918903,,,115.7545819,-57.8081097
CKT_114_16955,-99999942981452,0.069284,0.0,0.0,0.0,0.0,0.0,0.0,0.0,0.0,0.0,0.0,0.015988,0.008422,0.007994,0.0,0.007994,0.004211,0.0,0.004211,1.0279712,-30.0517041,,,1.0279712,149.9482959,219.7298539,122.1693765,,,219.7298539,-57.8306235
